packed_designation,a_au,Nopp
15760,44.2445026,16
15788,39.4978635,20
15789,39.7902533,17
15807,43.5368353,14
15809,42.4761723,7
15810,39.5526213,15
15820,39.6960931,18
15836,36.1728102,17
15874,84.0891597,22
15875,39.4896199,17
15883,46.7729,6
16684,44.0350354,15
19255,42.764964,7
19299,39.7532778,14
19308,43.5727555,20
19521,45.7577518,20
20000,42.8087201,28
20108,39.6732713,7
20161,48.1982047,8
24835,41.9456656,24
24952,39.6256276,16
24978,43.351197,6
26181,92.523816,24
26308,48.0651564,27
26375,54.9276278,23
28978,39.6649849,20
29981,97.8667414,15
32929,39.9748134,19
33001,43.2321523,17
33128,33.1129995,20
33340,39.1787559,20
35671,38.1650901,22
38083,38.8125018,16
38084,55.4748472,18
38628,39.4326674,23
40314,48.7890637,20
42301,51.9581048,23
42355,37.5580793,25
44594,32.6473852,22
45802,43.7917819,5
47171,39.7123164,23
47932,39.3289102,20
48639,52.9175838,19
49673,43.5274426,12
50000,43.4715715,30
52747,44.5086002,6
53311,43.9723932,15
54520,125.183888,4
55565,46.9062914,21
55636,43.5551923,27
55637,42.8743247,24
55638,39.3367561,21
58534,44.9361096,18
59358,41.2030299,18
60454,44.0538805,16
60458,58.9257585,13
60608,48.8152613,15
60620,43.6067915,18
60621,54.9345864,15
65407,53.7882596,4
65489,99.1678819,23
66452,45.3321308,17
66652,44.131763,19
69986,39.4902836,8
69987,42.5935829,9
69988,55.6041345,5
69990,39.2904727,6
73480,31.1773744,19
76803,38.9009102,15
78799,37.5083459,14
79360,43.6308039,25
79969,34.719268,15
79978,53.5723845,18
79983,46.0736845,16
80806,41.9336442,15
82075,57.5177209,20
82155,84.4398073,19
82157,38.3693281,16
84522,55.5415594,20
84719,39.6333832,21
84922,39.4890234,22
85627,44.0635525,12
85633,43.8714003,15
86047,44.1852222,15
86177,45.7361363,17
87555,35.1801941,13
88267,43.0251549,5
88268,42.6056401,4
88611,44.389433,18
90482,39.0973361,28
90568,41.8332191,21
91133,39.5000678,4
91205,39.3385897,6
91554,104.398604,14
95625,53.0966368,5
B8228,39.5302558,15
B8378,43.6870494,14
B8379,45.2031972,4
B8698,44.076844,10
B8702,100.5396269,5
B9066,43.7838547,4
B9067,43.7096082,6
B9068,55.2879615,4
B9069,39.3017791,9
B9070,43.7926063,4
B9473,39.7694921,13
B9878,53.4637021,18
B9951,38.8495342,18
B9956,43.9529361,18
B9979,47.7974954,17
C0132,49.0797399,21
C0178,43.5299713,21
C0181,32.5061117,21
C0216,39.3455706,18
C0347,42.358655,24
C0348,39.0542941,20
C3509,44.390491,11
C6154,42.1128027,19
C6155,39.2944196,16
C6619,70.5335792,11
C6719,46.7050273,15
C7546,65.8218797,14
C7871,34.760966,14
C9746,39.1600703,13
C9772,43.4985654,13
D0391,47.4687083,5
D1318,39.1887816,13
D1695,37.0536924,13
D1696,52.5403947,13
D1697,34.7531183,14
D3067,39.4516074,15
D4210,63.0027992,16
D4340,39.6702004,99
D4568,44.07357,5
D4860,43.2097047,18
D5024,43.650681,10
D5182,37.3405801,6
D5571,55.4701701,4
D5742,44.0249851,5
D6108,42.941274,28
D6120,62.2790671,5
D6199,68.1181991,31
D6472,45.2596949,25
D7294,45.3621289,11
D7295,48.0257074,21
D8537,47.0073724,19
D8628,45.1535568,9
D9775,39.6939765,20
E3685,36.7510577,17
E3707,56.1255836,20
E3751,42.4744346,5
E3991,44.5386988,6
E4897,39.2180139,27
E5451,91.606047,22
E5452,41.866608,29
E5453,43.4081183,22
E5474,93.4211101,21
E5480,76.9057836,22
E8112,44.2917101,9
E8780,44.3480765,8
E8975,28.8050822,9
E9348,45.1789348,6
E9349,42.4482954,10
E9560,41.8938327,5
F0642,44.8851977,20
G0091,45.4967633,12
G0147,43.6473858,8
G0148,69.8453222,4
G0256,43.3061857,10
G8700,39.2911816,6
G8703,39.7378732,17
G9071,39.2360944,5
H4567,45.8587843,25
H5113,39.2595311,20
I1708,43.5814217,17
I1855,46.0593288,8
I1867,52.4382964,9
I1868,49.167459,8
I1871,43.4345675,8
I1874,52.511738,7
I1902,125.6339708,6
I2222,43.6538255,9
I2223,58.7232317,5
I2294,44.9910368,6
I2397,52.0978796,7
I2926,45.4660611,7
I2933,50.4963849,5
I2934,44.1361688,6
I3595,44.5641676,6
I3963,44.0835828,7
I3964,52.5232091,7
I4212,110.7958968,8
I4314,44.9832622,5
K2421,43.5918511,23
K8996,39.3162234,20
M5088,67.3688542,20
M9762,73.6679589,23
N0965,47.0854886,17
O1097,40.392649,5
R5809,44.2016006,19
R8361,48.0207539,9
U3712,44.564464,16
U3775,114.6266792,21
U5543,62.9245958,15
U6792,39.6834437,5
U7251,46.664726,10
U7261,41.9088086,20
U7463,39.1398101,13
U7616,44.1052653,18
U7982,92.2999132,17
U8193,43.0811143,20
U8379,48.2220421,22
U8460,35.0715979,16
U8634,43.1738201,15
U9239,30.4070679,20
V0071,29.7882695,15
V2645,47.276813,18
V5530,41.6054872,18
V6179,30.4779866,19
Y1520,39.4962822,16
Z3222,120.4102709,10
a3330,44.1512769,16
a3401,45.5935358,11
a4171,44.5847324,15
c5185,39.4753149,8
c5191,41.6345941,9
c5194,43.74967,8
c5199,45.7808677,8
c5201,43.4520097,11
c5266,43.004591,7
c5362,46.6408475,4
c5363,45.2274159,5
c5437,44.0505108,12
c5445,39.6951969,5
c5446,44.0985516,9
c5447,44.2154961,6
c5458,46.373425,10
c5527,44.287247,6
c5528,56.9505676,7
c5533,43.384831,6
c5571,30.3136977,5
c5607,62.1613204,5
c5695,30.3020527,7
c6723,44.4662288,14
e8832,44.477362,9
f3666,35.1066416,8
f5720,43.3265331,8
f6400,44.3376317,20
g0356,42.5007726,11
g7581,35.1214427,6
g7614,40.2813615,4
h2949,34.7238542,15
h4194,42.3179161,5
h4390,54.7289863,7
h4709,41.8787833,7
h7360,113.3406536,9
h7871,42.3959561,5
h7915,44.359593,6
h8028,39.2271428,9
h9858,43.0237468,9
i3843,46.2775352,13
i4018,44.0028673,7
i4025,43.8394648,8
i4030,43.8381907,16
i4745,39.3981504,17
i5473,157.283009,14
i7178,28.7931476,18
j0265,39.0975905,14
j1657,77.0823215,7
j5171,46.3790844,7
j5206,46.4185182,7
j5209,45.0259957,4
j5502,39.4117556,26
j6826,39.4399845,5
k3368,29.19582,6
k8422,43.733043,5
k8861,191.961716,10
k9306,43.4440699,18
k9333,54.921788,18
k9361,42.9558255,12
k9362,39.7058651,12
k9372,39.6465349,18
k9420,41.9698887,15
k9421,39.2093637,16
k9438,43.7299534,11
k9442,34.6469837,13
k9505,47.8497117,9
k9506,39.5240853,10
k9509,43.8746912,15
k9514,44.7838329,16
k9584,41.928736,8
k9610,43.2628735,7
k9615,40.8911805,18
k9704,39.2617463,17
k9705,43.720717,17
k9707,39.3929334,14
k9708,39.4689857,13
k9750,183.17178,18
k9987,39.5266352,16
l0027,42.3116524,17
l0083,48.1328343,15
l0308,39.4372686,17
l0309,46.433502,14
l0316,50.2581162,16
l0443,46.0342291,13
l0523,42.0411217,15
l0593,89.3014434,13
l0596,45.5854527,15
l0599,67.4852528,15
l1137,61.6993817,16
l1143,69.2976767,11
l1150,38.8092739,16
l1151,54.9837665,15
l1152,53.4026279,13
l1155,33.3984284,8
l1165,38.8993034,16
l1172,55.3184699,11
l1196,41.0100092,14
l1210,50.8866866,13
l1272,58.0201665,12
l1288,43.4119737,13
l1318,41.3494072,13
l1325,35.7457432,12
l1512,28.7339255,14
l1921,45.6569108,14
l1954,43.6506759,14
l2231,43.3747003,12
l2232,42.7726247,6
l2235,55.1079045,13
l2262,46.57709,11
l2271,43.2415528,13
m0017,67.3519794,12
m2824,42.1741437,14
m3002,47.264152,18
m6958,44.4535721,3
m7581,47.441765,15
m8644,42.4592561,6
n1767,39.7306576,7
n1768,46.3989851,5
n2338,29.0760811,8
n3480,39.9782367,15
n5189,48.0830728,6
n5190,55.5529481,7
n5297,53.7772004,9
n5603,54.9068038,14
n5613,41.9697755,13
n6315,149.7125921,5
n9514,42.4984467,13
o0828,43.5053699,4
o0829,42.2354341,5
o0830,43.942191,4
o0831,40.9774613,5
o0832,86.4597591,5
o0833,39.2466633,4
o0834,39.0666834,4
o0835,43.924402,6
o0836,45.4999355,4
o0837,44.4291213,4
o0838,43.6699063,6
o0839,42.7223364,4
o0840,43.6728345,4
o0856,43.8931871,6
o0876,72.3474315,4
o0877,47.7085385,6
o0878,41.7192249,5
o0879,58.9444808,10
o0880,47.7570907,6
o0881,42.3576561,5
o0882,53.0374808,5
o0883,39.3202845,9
o0884,39.5071599,4
o0885,39.2649313,4
o0886,40.6409301,5
o0887,42.4072367,4
o0888,41.2445814,4
o1105,42.002174,5
o1546,43.4626082,13
o1581,47.1330547,13
o3858,39.533699,5
o3883,42.6576336,6
o4555,39.7219509,15
o4847,46.4251891,18
o5412,40.2267576,7
o5446,44.1487889,4
o5447,44.480666,8
o5448,46.625457,5
o5476,46.1842253,6
o5477,45.4064327,6
o5624,43.4818082,13
o5679,47.8683938,11
o6121,44.0256672,8
o6439,38.7799698,7
o6479,157.3770608,6
o8338,171.9555728,14
o8770,46.3277279,6
o8788,45.7965986,10
o8792,43.3237893,9
o8823,39.5684942,11
o8869,42.4977944,9
p1551,43.6719406,9
p1552,43.9996233,6
p1553,43.8474548,5
p1554,46.7362259,5
p1555,44.8206323,4
p4312,30.8387314,17
p6977,46.2614241,4
p7717,46.9253599,5
q3588,44.277731,18
q3591,43.0233495,15
q3601,47.6481804,18
q3615,44.1183118,7
q3617,48.0590307,12
q3618,39.6748992,15
q3624,52.2876892,16
q3627,42.1159259,13
q3629,41.3433119,14
q3634,40.3373733,15
q3635,54.786503,12
q3639,66.526276,11
q3640,47.2985026,12
q3642,45.6440545,11
q3643,39.2688313,13
q3644,39.5121312,11
q3645,43.3589132,12
q3646,36.5803568,11
q3647,44.3219778,12
q3652,64.3018447,15
q3653,41.0855471,11
q3655,39.4807144,14
q3658,40.9165919,13
q3659,43.0185328,8
q3671,47.7639276,12
q3672,34.8969278,10
q3674,41.7879471,9
q3675,50.4719768,12
q3677,42.5200593,12
q3678,45.3987005,12
q3680,72.5037828,10
q3681,45.4942135,13
q3683,51.9036507,11
q3684,45.6997917,12
q3687,42.4689993,14
q3688,42.1753879,11
q3689,46.6270179,12
q3690,46.8154484,12
q3691,47.3038546,12
q3692,52.1166152,11
q3693,43.3666204,10
q3695,33.3485779,14
q3696,41.1330918,11
q3697,39.1930829,12
q3698,87.7741754,11
q3699,59.3225042,9
q3700,39.5880059,10
q3701,39.254751,11
q3702,46.1661328,11
q3703,39.5400681,11
q3704,39.3206192,10
q3705,52.2768178,11
q3706,60.9378327,8
q3710,34.3100647,11
q3711,43.7750098,10
q3712,48.4108044,11
q3713,55.6461693,13
q3715,39.4760072,12
q3716,40.9967642,10
q3717,39.3648854,7
q3718,122.5292155,8
q3720,36.8024119,11
q3721,44.2795503,11
q3722,70.0684673,11
q3723,40.6979201,11
q3724,43.9062165,11
q3725,45.4823027,11
q3726,125.9080109,7
q3730,46.2052386,9
q3731,42.5909647,11
q3733,72.04098,11
q3734,31.9223496,10
q3735,38.7712888,12
q3736,43.5639002,12
q3738,43.4217831,10
q3739,38.4353676,6
q3741,41.2316787,10
q3742,43.6008134,9
q3743,42.5362757,8
q3744,43.9645829,12
q3745,42.8841871,12
q3746,30.3202046,9
q3748,40.876911,10
q3749,50.549421,10
q3750,46.9889835,10
q3751,39.6733554,11
q3752,40.8085522,11
q3753,53.5239511,9
q3755,76.5431286,11
q3756,43.9707491,10
q3757,44.0020334,14
q3758,42.7566585,12
q3759,51.1187102,9
q3760,39.2542648,9
q3761,41.5446494,9
q3762,42.4459566,12
q3763,40.0712397,11
q3764,39.4499947,9
q3765,58.1093867,10
q3766,39.5876312,10
q3767,76.0907754,10
q3768,39.3418098,10
q3769,55.0082524,13
q3770,57.8569642,12
q3771,100.711817,9
q3772,42.7025843,12
q3773,42.2951167,11
q3774,60.3547164,10
q3776,41.4326673,12
q3777,78.7674725,11
q3778,116.2932535,11
q3780,41.6784485,13
q3787,55.7831643,8
q3789,41.863681,10
q3793,40.8764362,7
q3794,82.7577034,13
q3797,71.5103818,7
q3798,72.7662435,6
q3800,54.4230847,9
q3899,41.9173912,10
q3955,36.5138891,14
q3965,63.843056,13
q3983,45.4715465,9
q4049,56.5171405,12
q4179,47.4473091,14
q4216,39.6612918,13
q4217,44.3376593,14
q4365,54.9364846,12
q4366,42.7999573,16
q4435,45.9653336,14
q4457,36.2204566,7
q4460,39.2202825,11
q4531,43.7834767,16
q4612,42.9706257,11
q4613,51.7704202,12
q4747,56.2300806,8
q4834,38.8020066,6
q5257,44.7982927,6
q5258,39.5652786,13
q5460,43.7605066,15
q5461,44.7745747,8
q5462,45.4274993,16
q5595,42.8095939,13
q5596,46.6966078,10
q5729,41.6114354,15
q5815,55.8945192,13
q5816,43.9695212,15
q7604,30.1202145,14
q8219,42.0841983,6
q8381,101.3016646,13
q9780,42.2733725,10
q9823,53.1189458,10
q9938,39.7093913,13
q9940,55.1197926,10
r0055,43.8677047,9
r0231,43.9200371,10
r0664,30.3379918,10
r0838,39.5608213,10
r0839,42.6002086,12
r0930,30.1188803,12
r0941,45.2777458,10
r0955,72.8469349,11
r1015,72.7044039,10
r1016,76.3628413,9
r1017,54.790722,12
r1040,43.0909105,12
r1074,47.6339684,12
r1075,69.5586232,11
r1076,42.6277245,9
r1077,39.2526235,11
r1141,46.3207939,12
r1142,102.8875884,10
r1224,57.4435285,9
r1682,42.8390096,7
r1683,42.4519666,7
r1684,43.8407832,9
r1917,43.4004148,12
r2026,47.146157,12
r2027,31.688539,10
r2037,58.5354385,10
r2038,45.5427968,10
r2039,43.4199855,9
r2092,39.5041718,15
r2093,47.422098,12
r2095,40.7660382,12
r2184,80.8814121,10
r3028,43.4270995,11
r3085,45.6536313,9
r3205,43.552273,8
r3206,42.9765897,10
r3207,37.8634738,9
r3208,77.1539067,11
r3209,39.1206795,9
r3210,101.4701296,10
r3211,36.3739651,11
r3397,43.7386569,11
r3398,41.1244082,10
r3506,42.9456784,9
r3507,37.778479,10
r3508,65.1883395,10
r3560,62.3949752,9
r3561,41.4435345,9
r3562,39.3471342,11
r3563,137.5698911,8
r3676,43.218999,9
r3704,46.4392068,11
r3868,38.8669843,9
r4073,49.2079547,8
r4074,42.543191,7
r4161,39.3913643,9
r4314,42.4911174,8
r4315,39.8300941,9
r4405,43.1570757,9
r4625,44.5401099,9
r4626,48.159693,10
r4627,72.1757338,8
r4631,39.999213,9
r5017,97.8297183,9
r5018,43.7718735,10
r5019,36.2185302,10
r5020,42.721898,11
r5021,41.2424077,8
r5022,42.0402085,9
r5023,43.6986153,9
r5024,39.4938741,9
r5025,47.7314982,9
r5026,46.862376,8
r5027,43.7656197,10
r5028,45.140465,10
r5029,39.3466194,9
r5030,67.6596259,11
r5031,62.8417486,10
r5032,39.6336586,9
r5167,39.6112764,9
r5168,39.4755779,9
r5169,79.0891147,7
r5228,59.3076819,11
r5229,39.3449857,8
r5230,56.4310557,10
r5231,39.3332733,10
r5466,42.5294459,9
r5986,46.1789408,7
r5987,46.1962104,10
r5988,43.5110665,12
r5989,44.6115659,10
r5990,44.6599232,10
r5991,54.7937742,10
r5992,38.9315102,8
r5993,38.7532908,10
r5994,53.4247849,10
r6287,41.3875024,10
r6919,45.7056255,8
r6920,42.4477632,12
r6921,40.0379625,7
r6922,43.4426018,11
r8690,46.2791437,10
r8691,43.1384766,9
s2258,57.6978578,12
s2889,52.9058386,11
s3354,55.6908961,15
s3375,41.6708775,14
s3376,102.5576609,8
s3377,88.2341925,10
s3435,39.127363,13
s3454,42.9780481,14
s3733,46.4700199,12
s3734,42.5096874,9
s3735,152.3996183,8
s4430,55.3013635,9
s4977,40.5698898,8
s5293,47.5704225,13
s5361,42.4901388,9
s6974,78.8206063,11
s7616,39.7352226,10
s7617,43.5631522,10
s7893,40.8402328,10
s8504,43.0990423,11
t0564,44.082818,9
t2033,58.8090454,7
t2474,43.0389673,10
t2555,96.7068017,12
t2678,31.8530038,13
t2679,39.3708276,10
t3137,55.5283259,9
t3138,45.4965459,10
t3893,45.5714097,13
t3898,44.4984599,9
t4000,50.6831804,11
t4099,40.8714333,12
t4102,47.6069338,13
t4780,46.1797926,11
t4856,47.5861541,10
t4982,42.6145996,9
t5426,40.2283768,11
t5591,45.1281479,8
t5632,42.5491958,12
t5678,43.6136862,13
t5756,36.3252613,13
t5757,44.6332681,10
t5758,39.3245025,9
t5820,41.182871,15
t5915,40.5506366,14
t5916,39.3708847,9
t6004,55.6495121,12
t6067,39.4161078,11
t6068,39.5742951,11
t6130,39.3216064,11
t6416,46.5783435,11
t8093,34.3291349,5
t8095,55.012074,8
t8168,66.0994891,9
t8224,43.8330283,8
t9176,29.4395335,11
t9178,36.2218485,12
t9179,43.3600653,8
t9180,43.3828445,11
t9181,42.5422293,7
t9182,46.8780506,11
t9800,107.2140482,9
t9801,66.8519489,9
u0039,39.3024448,11
u0414,71.1887631,9
u0552,44.0667755,9
u4160,36.0794075,8
u7065,46.7098195,9
u8573,45.6767411,14
v4372,77.8715398,12
v4441,58.0880283,13
v5713,39.7111693,11
v6212,40.4211514,11
v6256,47.5945876,11
v6257,39.3900994,8
v7578,47.6712442,6
v7627,40.8301026,8
v8833,50.5219734,10
v8834,39.4625581,11
v8835,57.4662099,11
v8847,51.407383,8
v8992,39.3688204,12
v8993,39.6698195,13
v8997,42.8726424,10
v9062,42.7897225,11
v9077,41.4061817,11
v9246,39.2921993,6
w1804,47.7797237,5
w3751,47.8651271,5
w4778,77.7976268,5
w5899,84.2340848,9
w5912,32.4984009,13
w5913,38.6449428,10
w7670,42.8656438,6
w9683,49.7137174,13
x1370,37.5579124,7
x1376,40.112612,9
x1392,46.0140482,10
x1486,39.7061705,6
x2044,46.8587261,9
x2064,44.3901585,10
x2147,47.0888974,10
x2148,44.3484708,10
x2149,147.2968944,11
x2245,69.0332993,6
x2487,45.4022378,10
x3616,43.3111462,8
x3617,35.1000085,6
x4337,178.1910467,6
x4994,39.7172054,6
x7614,71.8852831,8
x9752,45.3023535,8
y0181,45.2009513,9
y0217,169.7876615,10
y1690,34.5186302,9
y2572,50.2701623,8
y2714,63.764321,9
y2715,57.7387056,6
y2716,67.7104392,9
y3108,43.7135734,12
y6187,34.7846763,4
y9221,44.1259528,13
y9222,44.3944964,8
z2019,42.7787432,7
z2026,43.8376142,10
z2029,39.513809,8
z2045,39.7970749,7
z2047,42.9087537,12
z2048,44.0207754,15
z2049,43.464896,13
z2051,48.2663963,5
z2060,39.2854413,6
z2081,45.4658466,12
z2082,43.1224623,8
z2083,45.4082262,9
z2084,87.5909641,10
z2085,46.6072075,14
z2086,41.9684132,9
z2087,43.9357379,8
z2088,39.2089719,10
z2092,42.8209247,5
z2095,38.340568,10
z2100,44.3750448,5
z2101,60.1017933,11
z2102,39.6160251,7
z2141,42.9611962,10
z2144,43.9763171,6
z2145,36.4757274,7
z2146,43.6611405,7
z2147,43.6099142,10
z2148,46.0777421,6
z2149,43.9228422,14
z2150,46.8624278,10
z2156,44.9161059,7
z2157,43.7257964,7
z2158,39.1412595,6
z2161,41.30313,9
z2166,43.3521565,10
z2167,43.5629252,12
z2174,44.5020266,8
z2175,44.364343,10
z2176,48.2434979,9
z2203,44.8928234,13
z2208,39.1836923,10
z2213,43.1073081,11
z2214,43.8472921,6
z2217,42.6466938,9
z2218,39.6762531,7
z2236,43.2901123,13
z2237,45.595595,10
z2238,44.8020113,14
z2239,46.6933669,16
z2240,44.1345216,13
z2241,39.6940366,7
z2242,44.3743869,15
z2243,30.4027172,14
z2244,44.4069116,12
z2245,58.8642366,11
z2332,39.3045379,11
z2333,44.7305585,5
z2349,41.9300024,11
z2350,55.5343963,12
z2351,39.5830935,12
z2352,39.4031076,11
z2388,43.0421849,15
z2524,47.6453521,8
z2533,39.2559223,19
z2547,39.257902,6
z2548,44.0438419,6
z2549,43.4594533,6
z2573,44.2118034,9
z2574,39.4921124,12
z2575,68.9652247,13
z2576,45.7796357,8
z2577,39.0428106,10
z2578,47.0335691,13
z2579,44.5693976,9
z2580,38.5439671,16
z2581,39.5956621,13
z2582,43.6630639,8
z2583,43.4007974,10
z2584,49.9399803,15
z2619,42.8259372,7
z2620,42.9904688,16
z2621,39.7440117,6
z2658,39.3402775,7
z2687,42.7049224,7
z2688,39.2516574,14
z2719,44.0317273,13
z2732,87.4170111,15
z2733,46.5058161,10
z2772,39.5616707,15
z2793,44.1617978,14
z2794,44.5171226,13
z2795,44.1880048,5
z2798,39.2358711,11
z2883,81.2569859,13
z2891,55.6493599,15
z2892,47.8336761,14
z2911,57.4812697,14
z2931,47.4718486,19
z2951,51.5708266,12
z2952,39.3280109,13
z2953,36.2944976,13
z2985,42.3580188,12
z3037,95.9204307,14
z3087,42.6243794,7
z3100,42.7709002,15
z3411,90.469014,13
z3412,81.2640862,9
z3468,42.5457033,13
z3469,62.5523637,10
z3490,30.1740032,16
z3619,37.9782053,12
z3620,39.485368,13
z3766,34.4000386,11
z3857,41.7576856,6
z3858,73.2197892,9
z3908,57.5331343,10
z4688,43.0775079,8
z6560,55.459019,8
z7103,50.5340316,12
J94E02S,45.5390091,6
J95D02B,46.1665717,6
J96K01V,45.4528638,5
J96R20Q,44.1103015,6
J97G45A,46.9132945,5
J97Q04H,43.0175856,5
J97R09X,41.8647912,3
J98FE4S,41.55989,6
J98HF1L,40.6641832,4
J98HF1N,37.834173,9
J98HF1O,41.2136392,5
J98K61Y,44.7141301,7
J98K65S,44.1490863,5
J98U43R,39.5279237,6
J98W24V,39.0474412,8
J98W24X,43.3672845,7
J98W31S,39.4440225,6
J98W31V,39.3898215,6
J98W31W,44.74815,7
J98W31Y,45.1137669,6
J98W31Z,39.5007786,5
J99CB8Y,89.1259334,8
J99CB8Z,115.3367059,5
J99CB9B,46.6142208,8
J99CB9C,44.5140909,9
J99CB9H,43.0905941,7
J99CB9J,45.0513443,9
J99CB9M,43.7321775,3
J99CB9N,43.4782613,7
J99CD3Q,41.0854955,10
J99CF3M,45.3973363,6
J99CF3N,43.5974541,4
J99CF4G,42.8060906,3
J99CF4H,42.7741505,5
J99CF8K,40.5914304,5
J99D00A,43.0260008,4
J99D08H,43.8253074,3
J99G46S,44.4321475,6
J99H11S,44.0034862,6
J99H12G,43.5505921,6
J99H12H,43.4524757,6
J99H12J,43.0453837,4
J99JD2D,43.197145,4
J99K18R,43.8788038,3
J99O03Z,44.3705759,6
J99O04A,44.7427894,5
J99O04C,45.8921395,3
J99O04D,41.7465892,6
J99O04G,47.362195,3
J99O04H,40.7833125,4
J99O04K,43.5125286,4
J99RL4T,42.9314323,7
J99RL4U,56.195443,5
J99RL4W,43.215846,5
J99RL4X,46.4567751,6
J99RL4Z,86.2884772,5
J99RL5B,48.0204109,5
J99RL5G,46.8256278,8
J99RL5V,44.8990137,3
J99RL5W,36.5076744,5
J99RL5X,47.3807708,6
K00AP5F,48.4055172,7
K00CA4L,44.1384356,8
K00CA4M,44.0243466,3
K00CA5K,39.2369889,8
K00CA5L,42.7676147,9
K00CB4N,43.6559476,5
K00F08B,39.1056303,4
K00F08C,43.7551375,4
K00F08H,43.3052397,5
K00F53R,44.3654065,5
K00F53S,42.9442832,5
K00F53T,45.1196687,5
K00GE6V,43.9068445,5
K00GE6X,43.9084221,5
K00GE6Y,43.7818558,4
K00J81F,46.1234517,5
K00K04L,38.6898154,6
K00O51B,38.1205281,6
K00O67H,44.5587946,7
K00O67P,44.0692788,9
K00P29U,42.8451547,4
K00P29W,44.5434714,3
K00P29X,42.952116,5
K00P29Y,44.6005256,4
K00P30A,47.4525227,4
K00P30C,43.4261577,5
K00P30D,46.9373061,7
K00P30F,77.5795128,4
K00P30G,45.4784852,5
K00P30H,78.3798858,5
K00P30L,42.3039006,4
K00P30M,44.3645746,5
K00P30N,45.2530146,4
K00QM6H,39.8692693,4
K00QM6L,44.0780022,5
K00QP1N,42.5339364,8
K00QP2L,46.3333292,3
K00SX1R,55.3433192,6
K00Sb0Y,44.0291432,5
K00W12V,43.5466013,3
K00WI3L,43.5745701,4
K00WI3M,44.9511265,4
K00WI3O,43.8260834,5
K00Y01V,43.9462667,5
K00Y01X,45.6537935,6
K00Y02A,44.1817744,5
K00Y02E,47.9966733,5
K00Y02F,45.6254957,5
K01DA6B,42.8769846,4
K01DA6C,41.9474077,11
K01DA6D,43.7387869,6
K01E24S,44.0571006,4
K01FH2U,39.2927313,4
K01FI5L,43.8331721,8
K01FI5T,47.0460898,4
K01FJ4M,53.8231128,9
K01H59A,43.7891994,3
K01K76F,44.4798828,4
K01K76G,51.5045624,4
K01K76H,46.3360516,4
K01K76L,44.5664773,4
K01K76Q,42.7484004,4
K01K76W,46.2000632,6
K01K76Y,39.5562076,4
K01K77A,47.5573516,5
K01K77E,45.5697699,4
K01K77G,62.1406199,3
K01K77O,44.0358325,6
K01OA8K,43.2766667,5
K01OA8N,43.029357,4
K01OA8Q,45.4433146,5
K01OA8Z,43.6394109,4
K01OA9G,43.865824,4
K01OA9M,69.1791224,4
K01P47K,40.0498093,7
K01QT7Q,44.7393935,4
K01QT7X,44.5265499,8
K01QT7Z,44.6768852,7
K01QT8A,46.7007373,6
K01QW2W,44.351684,5
K01RE3V,46.3916806,17
K01RE3W,43.3089936,6
K01RE3Y,42.3318677,6
K01U18N,44.5109395,6
K01U18P,48.0337273,8
K01V71N,39.4021241,6
K01XP4U,43.2321089,9
K01XP4X,43.5778076,6
K02CF4S,42.8844171,7
K02CF4T,46.4875063,6
K02CF4U,43.4865,8
K02CF4Y,44.0304653,4
K02CF4Z,43.171491,5
K02CM4X,46.2256808,5
K02CM5B,43.7632034,7
K02CO8Z,52.6842795,6
K02CP1D,42.306095,5
K02CP1E,39.1072831,6
K02F06V,46.7322227,4
K02F36W,42.6268252,5
K02F36X,43.9071386,6
K02F36Y,31.9653476,5
K02G31W,39.1390209,5
K02G32A,52.3962293,4
K02G32E,39.253444,6
K02G32L,39.3677075,4
K02G32R,39.6188828,3
K02G32S,42.2198789,6
K02G32W,35.0238098,4
K02GG6H,39.1465365,12
K02PE9O,44.3848515,6
K02PE9P,41.2309761,7
K02PE9R,45.7620455,7
K02PF0G,44.0470494,6
K02PF5D,43.5981482,5
K02PH0R,44.5757631,4
K02PH0S,44.2911198,4
K02PH0U,48.2625943,6
K02PH0X,43.0290291,5
K02PH0Y,43.382969,4
K02PH0Z,42.9229146,4
K02PH1A,44.7051241,4
K02PH1C,45.1067272,4
K02TU1H,39.5535748,5
K02VD0E,44.5850114,5
K02VD0F,45.8881716,5
K02VD0V,42.5542633,6
K02VD0X,39.6353224,5
K02VD1B,43.3874517,6
K02VD1D,45.4061447,5
K02VD1F,44.1406596,4
K02VD8D,39.6568121,6
K02W21L,43.0741527,6
K02X91E,46.019123,10
K03FC7J,44.6465933,3
K03FC7L,39.0747155,6
K03FC7M,43.6419049,4
K03FC8D,38.0862751,6
K03FC9H,70.0633313,5
K03FC9Z,61.4092374,8
K03FD0A,42.434266,5
K03G55F,45.3640654,4
K03H56X,46.999766,5
K03H56Z,43.4385562,4
K03H57A,39.3472462,5
K03H57F,39.2361158,6
K03H57H,43.8351789,6
K03H57M,42.5327626,8
K03H57O,46.1461291,3
K03K20O,43.828383,4
K03L07A,76.8016533,5
K03L09D,47.3313156,5
K03Q90T,44.2572131,4
K03Q90X,44.1273049,5
K03Q90Y,43.1037547,8
K03Q91D,43.6312523,3
K03Q91E,43.3519282,5
K03Q91F,43.3227916,4
K03Q91G,42.8693172,6
K03Q91J,44.6407629,4
K03Q91L,43.408304,6
K03Q91M,43.4987321,6
K03Q91N,42.9387093,3
K03Q91P,36.7198893,7
K03Q91S,46.6415461,3
K03Q91X,44.065751,5
K03QB2B,44.4339908,4
K03QB2E,43.3905409,4
K03SV7O,39.6628818,6
K03T58J,44.4145401,6
K03T58K,43.0962037,5
K03T58L,43.5206061,5
K03UT1T,42.9267251,4
K03UT1V,43.8348777,4
K03UT1Y,49.3712064,5
K03UT1Z,45.2014827,6
K03UT2B,47.3139569,7
K03UT2N,45.009118,5
K03UT2P,47.9416643,10
K03UT2V,39.4193187,6
K03UT3K,42.5656382,5
K03Uf4A,83.39754,14
K03WJ1A,39.3488025,6
K03WJ3O,39.7319135,3
K03YH9J,43.6487251,6
K03YH9K,41.6311938,5
K03YH9M,40.9505126,4
K03YH9N,44.2401701,4
K03YH9P,43.8361592,5
K03YH9R,43.2246834,7
K03YH9S,43.3871083,8
K03YH9T,43.363808,6
K03YH9V,46.719843,6
K03YH9X,43.3790383,5
K04D64H,46.1840522,6
K04D64M,44.7301382,4
K04D71M,42.8579812,4
K04D77G,43.649385,3
K04E95S,45.1011961,7
K04E95V,39.3390912,6
K04E96G,55.3677659,7
K04E96J,39.426993,4
K04FG4W,39.3740964,4
K04H78X,39.4988099,6
K04H78Y,39.2380251,4
K04H78Z,39.5196741,4
K04H79A,39.199437,5
K04H79B,39.2501959,4
K04H79C,46.40079,6
K04H79D,45.914818,4
K04H79E,44.2953063,5
K04H79G,44.1798835,4
K04H79H,43.2740219,5
K04H79K,43.7876638,5
K04H79L,41.9945187,5
K04H79M,36.3536929,7
K04H79O,55.0560292,4
K04H79P,47.478523,6
K04H79Q,63.052404,4
K04K18V,30.2308742,5
K04K18Z,55.572294,4
K04K19B,39.5767333,4
K04K19C,39.378016,4
K04K19D,38.2892682,4
K04K19E,44.3322724,6
K04K19F,44.1210877,5
K04K19G,43.2584746,4
K04K19H,40.7606276,6
K04K19J,47.1172781,11
K04K19K,42.3433661,5
K04K19L,47.7819424,4
K04K19M,47.8087266,3
K04L31W,46.7545388,4
K04M08S,39.7285995,4
K04M08T,43.3685568,5
K04M08U,45.1702979,6
K04M08V,47.6661684,4
K04M08W,33.8576901,12
K04O14J,55.7021422,3
K04O15P,38.8491523,6
K04O15Q,44.0193266,7
K04O15S,56.5201272,6
K04PA7S,48.5498968,3
K04PA7X,43.9346312,7
K04PA7Z,46.2556329,7
K04PA8B,45.4986328,7
K04PB2D,46.8781765,4
K04PB7T,43.3199179,5
K04PB7U,43.1833145,5
K04PB7V,46.5213196,4
K04PB7W,43.9522837,6
K04PB7X,44.5991521,4
K04PB7Y,40.4428833,13
K04Q29E,41.2371262,8
K04Q29G,48.9626901,4
K04Q29H,51.401964,3
K04S60C,44.092118,12
K04TS2E,34.457451,5
K04TZ7X,36.6294849,7
K04U10D,42.9791395,5
K04U10S,39.8468154,4
K04V75U,43.9595104,6
K04V75Z,39.4874116,6
K04V78K,48.0086968,6
K04VD0U,62.8238675,6
K04VD0V,39.5300539,13
K04VD0X,39.6382501,6
K04VD0Y,39.4557617,5
K04VD0Z,39.7059198,6
K04VD1D,46.5752422,5
K04VD1E,42.3711107,4
K04VD1F,43.8690189,6
K04VD1G,64.7525763,4
K04VD1H,60.6381583,3
K04VD1M,69.1219198,5
K04VD1U,45.7868477,6
K04XJ0X,45.1932126,6
K05B49V,43.4464459,10
K05B49W,43.8295345,6
K05C81D,39.0856356,7
K05C81E,42.45843,5
K05C81F,36.2590896,6
K05C81G,53.4484188,12
K05ET6E,43.8933556,5
K05EU3M,43.3818059,4
K05EU4F,85.6301667,6
K05EV8B,44.8820985,3
K05EV8C,43.4799923,6
K05EV8W,44.2630294,6
K05EV8X,39.3191499,11
K05GI6X,43.7030479,6
K05GI7A,39.3639959,4
K05GI7C,43.9892026,4
K05GI7D,42.7763886,7
K05GI7F,39.5112899,9
K05GK6X,68.6519755,11
K05GL0V,39.0618551,8
K05GM8H,36.4402609,6
K05JH4Z,42.5208833,4
K05JH7H,44.3846486,5
K05JI5Y,44.1255617,4
K05JI6B,41.5398308,5
K05JI6J,44.7797073,4
K05JI6K,47.512158,6
K05L54A,44.3942139,4
K05L54B,43.75454,8
K05L54C,67.8609791,4
K05NC5U,82.1296818,10
K05NC5V,44.1892634,12
K05P21L,46.9220692,4
K05P21S,44.8481049,6
K05P21T,75.938873,6
K05R52H,160.2862832,7
K05T53N,30.2710537,4
K05TI9V,39.3725714,7
K05VC2Z,41.3286257,6
K05VC3A,39.5951338,4
K06A98O,37.7578616,4
K06BS4R,43.5770797,8
K06BS4S,59.0487452,8
K06C69H,45.4855739,7
K06HC2N,45.5995951,4
K06HC2P,46.091095,5
K06HC2T,39.2411123,6
K06HC2W,45.4056333,4
K06HC2Y,42.8442704,8
K06HC2Z,47.1804666,3
K06HC3A,42.8413112,3
K06HC3B,44.090207,3
K06HC3C,36.5282488,4
K06HC3E,44.0611054,3
K06J58U,46.1910704,4
K06J58V,44.9706603,6
K06QI0P,38.4790469,5
K06QI0Z,46.6428384,5
K06QI1A,42.6955815,6
K06QI1B,44.1849356,5
K06QI1F,45.1734105,7
K06QI1G,58.0925399,3
K06QI1H,67.272296,3
K06QI1R,47.0399224,5
K06Sa9F,63.1246563,6
K06Sf5E,42.9580226,4
K06Sf5F,43.5694161,4
K06Sf5G,48.4750459,10
K06Sf5H,50.3315789,6
K06TC1K,39.4785348,3
K06TD0O,36.6535935,13
K06TD0P,39.4948181,14
K06WJ5S,39.6058586,3
K06WK6F,43.2779633,5
K06WK6G,50.1222389,7
K07C79Q,45.1639982,7
K07C79R,46.8320757,5
K07C79S,43.9124441,6
K07DA1S,43.72734,4
K07F51M,45.2683281,7
K07F51N,86.4299907,7
K07F51O,50.0446332,9
K07F51P,44.4545304,7
K07H90V,44.0319753,6
K07J45F,39.3725224,10
K07L38E,54.2103846,6
K07L38F,87.2482753,7
K07L38G,55.4878143,6
K07L38H,134.5902095,7
K07L38J,72.5217871,7
K07RV4L,40.7152512,7
K07RW6W,46.4515278,4
K07RW6X,46.5880435,4
K07RW6Y,39.1534599,6
K07RW6Z,53.3619838,5
K07Tf8B,57.4851154,7
K07Tf8D,48.6184299,3
K07Th1V,39.6861578,4
K07Th4C,133.8800922,6
K07VU2J,43.4622768,7
K07VU2K,46.0606324,5
K08AB8Q,41.2828468,14
K08AD8U,32.2848504,5
K08J41O,88.0002399,5
K08L18C,30.068545,4
K08UX2A,76.9553467,6
K09DE3J,65.3912449,6
K09DE3L,43.3101014,4
K09DE3N,39.1736419,3
K09DE3R,46.6498079,4
K09DE3S,48.9053847,3
K09J18Z,39.1141951,14
K09J19E,39.3210478,4
K09K30K,59.9521926,3
K09K30N,69.6452563,4
K09K30O,44.3290001,3
K09M10E,29.2903228,13
K09M10G,48.3055511,4
K09UF6F,43.1097364,5
K09X26M,43.2746207,10
K09Y19G,55.9417399,10
K09Y26R,41.2535539,10
K09Y26S,36.4822565,10
K09Y26T,39.257565,11
K09Y32K,43.9410819,11
K10AF3V,39.1769988,11
K10C55G,31.6093563,3
K10DA6F,30.3041634,10
K10E65Q,59.6538098,8
K10ED9L,39.2010341,9
K10F86X,46.6735009,7
K10G34X,28.9541046,7
K10GE7W,178.1644309,3
K10JC4J,84.3326037,4
K10JC4K,40.3698655,4
K10JL0F,44.5782926,8
K10JL0J,49.8571485,11
K10JL5E,62.4054573,6
K10K39Z,45.2612673,5
K10LD6B,39.5779849,10
K10MB6R,63.7815551,13
K10P66T,63.3449457,11
K10P75U,87.1271351,11
K10Q07Q,116.1558101,11
K10R45M,46.8035561,4
K10R45N,41.1382873,9
K10R64F,43.4072625,12
K10R64N,41.1993255,11
K10RI8D,40.7414499,12
K10RI8F,47.052811,15
K10RJ0J,44.7861473,9
K10RJ0K,39.7055256,11
K10S41B,39.8622647,12
K10T00J,63.6651409,12
K10TI2J,39.9740242,9
K10TI2L,44.1322333,11
K10TI2N,39.8837596,9
K10TI2P,45.4096213,11
K10TJ1S,30.1248236,12
K10TJ1T,30.1558749,6
K10TJ2A,42.2551841,6
K10TJ2D,43.3490692,6
K10TJ2E,41.4044464,5
K10TJ2F,43.5179187,6
K10TJ2G,44.1450796,5
K10TJ2K,46.673507,9
K10TJ5S,39.6799017,8
K10V11R,41.4872397,11
K10VM4X,39.8460307,17
K10VP3D,42.9158355,10
K10VP3E,31.9060872,8
K10W09G,53.5162203,8
K10W75M,50.4181032,9
K10X91E,63.3423501,11
K11BG3R,96.0757515,12
K11BG3S,43.4791971,6
K11BG3T,53.6396707,6
K11BG3U,57.1314297,5
K11BH0N,70.1941203,10
K11BH0O,46.1419935,8
K11BH0P,86.8333772,10
K11CB9W,52.4855921,5
K11CB9X,41.5768917,6
K11CB9Y,62.2237181,5
K11E90Y,47.568771,9
K11E90Z,40.8436781,7
K11H60O,93.7712996,6
K11H83P,52.4049832,4
K11HA2M,30.2700385,8
K11HA2Z,43.3976301,5
K11HA3F,43.1861618,4
K11HA3J,46.8684527,4
K11HA3K,53.7008008,3
K11HA4N,39.4205521,8
K11J31W,45.8467515,4
K11J31X,45.1096649,3
K11J31Y,44.2264863,4
K11J32A,46.8900386,4
K11L29J,44.0917684,10
K11M11V,61.3359325,11
K11O60B,103.9218796,10
K11SS1W,47.0684892,9
K11U62Q,53.012196,15
K11Uf0P,39.8459438,4
K11Uf0Q,39.688331,3
K11Uf0R,39.6351198,3
K11Uf0S,39.7913313,4
K11Uf0U,39.5684994,3
K11Uf0V,39.7264535,5
K11Uf0W,39.8505167,4
K11Uf0X,39.5697765,4
K11Uf0Z,39.7726452,4
K11Uf1A,39.4822951,4
K11Uf1B,39.832377,4
K11Uf1D,39.3576128,5
K11Uf1F,48.1218893,4
K11Uf1G,48.0612702,3
K11Uf1H,46.4558358,3
K11Uf1J,42.5588966,3
K11Uf1M,42.4310931,4
K11Uf1O,42.5744862,3
K11Uf1P,76.8786566,3
K11Uf1Q,62.5666011,3
K11Uf1R,62.3712251,3
K11Uf1S,63.1231036,3
K11Uf1U,44.2012546,3
K11Uf1Y,44.4881179,3
K11Uf1Z,45.8373801,3
K11Uf2B,43.7757566,3
K11Uf2C,43.6927118,4
K11Uf2D,45.6942908,4
K11Uf2E,43.7201141,3
K11Uf2G,46.8187695,3
K11Uf2K,40.9945627,4
K11Uf2L,43.3019372,3
K11Uf2O,38.2358455,3
K11Uf2P,56.8854038,3
K11Uf2Q,68.1315634,3
K11Uf2R,50.4647121,3
K11Uf2S,48.157057,3
K11Uf3A,36.7574298,4
K11Uf3J,74.3028852,12
K11Uf3K,41.6098094,9
K11V24Z,51.3396423,9
K11WF7J,98.2940217,10
K12A25Z,54.3055155,9
K12BF4V,46.5216158,5
K12BF4Y,41.9970557,12
K12D98Z,42.528626,5
K12DA6Q,43.5372122,9
K12DC1V,64.0030516,9
K12E18E,67.9834028,8
K12F87N,39.2607937,8
K12G11U,168.4073086,9
K12G17X,37.2705342,5
K12H85E,44.7427782,5
K12H87W,91.9365095,8
K12H87X,103.6609547,9
K12S67B,47.4858102,10
K12TD9L,29.9287147,3
K12TW4C,42.6144717,11
K12TW4D,39.7216499,10
K12TW4E,46.4283774,10
K12TW4F,43.708507,11
K12TZ9F,42.277276,9
K12UH7G,39.5827394,3
K12UH7K,93.8574307,3
K12UH7L,40.9329987,5
K12UH7N,43.4470977,6
K12UH7P,43.1305565,3
K12UH7Q,52.327115,3
K12UH7R,74.488345,3
K12UH7V,30.1663536,5
K12UH8D,55.614324,9
K12UI5D,30.3145116,8
K12UI5E,41.6534039,8
K12VB6B,47.032991,9
K12VC8R,41.5873549,10
K12W37D,40.0139652,10
K12W37E,48.0343988,4
K12W37F,39.6022477,7
K12W37G,49.230559,5
K12XF7R,47.7734959,13
K12XF9W,39.5512307,7
K12Y09O,43.8700004,4
K12Y12F,43.552309,7
K12Y12G,39.4389199,6
K13AI3R,71.1083382,5
K13AI3S,60.8053269,11
K13AI3T,61.8485698,9
K13B78K,37.8470597,4
K13CD4A,30.8635704,11
K13CM3D,39.2125089,10
K13CO2Z,44.6162812,9
K13EE9M,45.1038603,4
K13EF4J,43.7803963,10
K13F28A,43.9901177,12
K13F28D,39.4626835,7
K13F28G,53.9336934,3
K13F28H,43.0039547,10
K13F28K,42.6032137,4
K13F28M,56.4038703,6
K13F28N,35.176447,12
K13F28O,47.4825283,13
K13F28Q,62.4098552,3
K13GD6O,38.6864924,4
K13GD6Q,48.5936522,5
K13GD6S,55.4386347,4
K13GD6X,47.8559576,5
K13GD6Y,55.4735042,5
K13GD7C,43.0929917,3
K13GD7E,39.1870259,3
K13GD7F,39.4312813,4
K13GD7G,39.2007699,3
K13GD7H,39.3203868,3
K13GD7J,39.4589196,3
K13GD7L,39.2234205,4
K13GD7M,43.9582779,4
K13GD7O,41.3303991,3
K13GD7P,43.5702761,3
K13GD7R,42.5051639,4
K13GD7S,43.7229191,4
K13GD7U,44.7096686,4
K13GD7X,43.1591021,5
K13GD7Y,44.741205,4
K13GD7Z,41.332125,3
K13GD8B,42.854349,4
K13GD8C,42.7802236,3
K13GD8D,43.7926961,4
K13GD8E,44.0248444,3
K13GD8F,43.9140627,5
K13GD8G,47.3352356,5
K13GD8J,120.6242858,10
K13GF8M,43.3964867,4
K13GF8N,39.2227231,4
K13HF6R,45.5640602,5
K13HF6S,45.5645952,3
K13HF6W,39.4663531,8
K13HG2G,34.1832867,4
K13J63U,48.5934295,6
K13J63V,46.3278078,6
K13J63W,45.6533187,4
K13J64F,55.4564998,4
K13J64K,55.2192935,7
K13J64L,56.5998447,5
K13J64O,142.9193802,4
K13J64P,57.6059752,4
K13J64Q,48.8545906,5
K13J64R,77.731159,4
K13J64S,42.5164053,3
K13J64U,40.172521,3
K13J64Z,39.451388,4
K13J65A,39.5156007,3
K13J65B,39.4244332,4
K13J65C,39.3747993,4
K13J65D,39.3794844,4
K13J65E,39.3084007,4
K13J65F,39.4026603,4
K13J65G,39.4266705,4
K13J65H,39.3578124,5
K13J65M,46.735335,4
K13J65Q,44.2101938,3
K13J65R,46.2337127,3
K13J65S,40.5866433,4
K13J65T,46.5573112,3
K13J65W,47.6734024,5
K13J67X,46.3428622,4
K13K18Y,30.2191455,8
K13L35Y,42.6867477,6
K13L36Z,55.4039509,5
K13M18R,39.4588435,11
K13N24K,41.9186812,9
K13N24M,45.3597607,8
K13N33T,29.9131142,12
K13N33U,70.9791129,10
K13P74U,34.3276413,8
K13P74W,38.3735279,6
K13P74X,39.8602852,9
K13P76S,43.78907,5
K13P84D,102.9481115,5
K13Q95P,40.9046793,6
K13Q99R,41.3668389,5
K13QA3X,50.9082144,4
K13R98B,42.4109181,5
K13R98D,39.6623214,5
K13R98P,43.3574123,6
K13R98Q,56.2337373,5
K13R98R,50.7966416,6
K13RA8X,45.6459659,6
K13RA8Y,45.9844571,5
K13RA8Z,56.0448738,4
K13RA9B,40.5462906,5
K13RA9C,39.72546,4
K13RA9D,32.6322662,4
K13RA9E,44.0167418,6
K13RA9F,43.2492624,7
K13RA9G,38.5103399,4
K13RA9H,36.6503486,5
K13RA9J,43.6955366,5
K13RA9K,91.6345477,6
K13RA9L,40.5363176,4
K13RA9M,51.4053777,4
K13RA9N,42.8889268,6
K13RA9O,44.4250529,5
K13RA9P,45.1267483,6
K13RA9Q,36.6794812,6
K13RA9R,48.3491481,5
K13RA9S,45.0969389,7
K13RA9T,45.9463913,4
K13RC4D,43.261492,6
K13RC4E,124.4737632,5
K13RC4F,43.7777134,7
K13RC4G,92.946102,6
K13RC4H,44.5619805,5
K13RC4J,44.1999783,5
K13RC4K,39.8553658,5
K13RC4L,30.248147,5
K13RC4M,89.9823944,6
K13RC4N,45.7276222,7
K13RC4O,39.0288257,6
K13RC4P,45.9958929,5
K13RC4Q,47.1232526,5
K13RC4R,42.0177292,6
K13RC4S,46.8053385,4
K13RC4T,66.2721428,5
K13RC4U,48.4626443,5
K13RC4V,45.0777303,5
K13RC4W,36.7994141,5
K13RC4X,39.8179768,5
K13RC8T,40.6092245,5
K13RC8U,61.9932432,3
K13RC8V,57.5593119,8
K13RC8W,45.9060741,6
K13RF5Q,51.8062918,5
K13RF5R,62.5391274,4
K13RF5S,50.9295503,6
K13RF5T,105.6370011,3
K13RF5U,44.3928658,6
K13RF5V,41.3644081,5
K13RF5X,47.231483,6
K13RF5Y,45.3482847,4
K13RF5Z,40.8251982,5
K13RF6A,31.1479753,4
K13RF6B,39.1350888,6
K13RF6C,179.2609152,5
K13RF6D,47.2146172,4
K13RF6E,40.9058702,4
K13RF6F,39.6418101,5
K13RF6G,39.608759,4
K13RF6H,39.7145792,5
K13RF6O,43.2755093,5
K13RF6P,39.2293094,4
K13RF6Q,39.7622929,5
K13RF6R,63.3858878,4
K13RF6S,61.5467666,5
K13RF6T,55.3077928,5
K13RF6U,57.4220436,5
K13RF6V,44.0347129,5
K13RF6W,41.067726,4
K13RF6X,45.3509833,4
K13RF6Y,49.7479667,4
K13RF6Z,41.3820394,5
K13RF7A,55.2388878,5
K13RF7B,39.8991791,4
K13RF7C,39.6287399,6
K13RF7D,37.9646222,6
K13RF7E,46.2012033,5
K13RF7F,63.419657,4
K13RF7G,41.6814522,5
K13RF7H,38.8788917,3
K13RF7L,55.7002259,3
K13RF7M,57.2313497,6
K13RF7O,73.566384,5
K13RF7P,42.7692417,5
K13RF7Q,36.6336557,4
K13RF7R,38.6446551,4
K13RF7S,46.1251408,4
K13RF7T,42.4204654,5
K13RF7U,43.5242369,4
K13RF7V,69.2851788,5
K13RF7W,47.2237585,5
K13RF7X,41.5961291,5
K13RF7Y,44.0033788,6
K13RF8A,46.2484088,5
K13RF8B,46.9277993,4
K13RF8C,30.2320198,5
K13RF8D,98.9401345,6
K13RF8E,48.4558857,3
K13RF8F,47.8644815,4
K13RF8G,60.6891517,6
K13RF8J,91.8789814,4
K13RF8K,44.9201288,4
K13RF8M,44.0259506,4
K13RF8N,46.8666768,4
K13RF8O,40.7132612,5
K13RF8P,44.6504157,7
K13RF8Q,45.8165742,4
K13RF8T,44.6335575,6
K13S99Z,38.5494401,6
K13SA0J,43.8923363,3
K13SA0K,62.6115037,4
K13SA0L,44.1572618,5
K13SA0M,45.7468487,5
K13SA0N,43.9670382,4
K13SA0O,46.2036058,3
K13SA0P,44.1456778,3
K13SA0Q,48.2968984,4
K13SA0R,45.8725462,5
K13SA0S,44.2871016,3
K13SA0T,41.2183802,3
K13SA0U,42.6040621,4
K13SA0V,43.4051686,4
K13SA0W,43.0014812,4
K13SA0X,43.1048115,4
K13SA0Y,43.6058163,3
K13SA0Z,43.9576816,4
K13SA1A,48.1239141,3
K13SA1B,44.0353834,5
K13SA1C,42.9765834,3
K13SA1D,43.6938652,3
K13SA1E,44.5111811,3
K13SA1F,42.7566763,3
K13SA1G,46.9621892,4
K13SA2G,43.4509462,6
K13SA2H,38.186595,5
K13SA2J,44.0815895,5
K13SA2K,43.7981946,5
K13SA2M,52.8803251,6
K13SA2N,68.8933913,6
K13SA2O,39.6737629,6
K13SA2P,39.5779389,6
K13SA2Q,93.6526231,5
K13SA2R,53.3793949,5
K13SA2S,47.7061312,6
K13SA2T,44.292057,3
K13SA6D,44.4579762,7
K13SA6E,43.1618517,7
K13SA6F,76.8865362,7
K13SA6G,62.5392106,6
K13SA6H,48.3854441,6
K13SA6J,44.8702029,6
K13SA6K,45.0053722,4
K13SA6L,47.3112745,5
K13SA6M,45.7402113,3
K13SA6N,43.9999295,7
K13SB1Y,54.7842115,5
K13SB2A,43.6259843,5
K13SB2B,38.5819489,4
K13SB2C,45.1280802,5
K13SB2D,35.0753084,5
K13SB2E,42.7052482,4
K13SB2F,44.1750825,4
K13SB2G,44.2449492,4
K13SB2H,46.1880482,4
K13SB2J,44.1096539,4
K13SB2K,44.4640773,4
K13SB2L,35.0928725,4
K13SB2M,44.5367622,4
K13SB2N,43.5062942,4
K13SB2O,51.0063763,4
K13SB2P,52.1432007,5
K13SB2Q,43.0853092,4
K13SB2S,40.3654057,5
K13SB2T,43.9730424,4
K13SB2U,39.5757496,4
K13SB2V,44.2992292,4
K13SB2W,44.1927635,4
K13SB2X,53.6790085,5
K13SB2Y,38.4245173,3
K13SB2Z,43.30771,5
K13SB3A,40.6478697,5
K13SB3B,46.0405269,4
K13SB3D,46.3568944,5
K13SB3E,44.1012744,5
K13SB3F,39.6429828,4
K13SB3G,47.0461975,4
K13SB3H,45.7572659,4
K13TF9M,46.8599072,12
K13TH1X,50.9353378,5
K13TH1Y,39.7229131,7
K13TH1Z,45.7246558,5
K13TH2A,39.7778557,6
K13TH2B,43.4545562,5
K13TH2C,44.0699905,7
K13TH2D,42.8404318,3
K13TH2E,48.7115095,6
K13TH2F,44.1266483,6
K13TH2G,48.4804403,3
K13TH2H,42.7306914,5
K13TH2J,52.3811565,6
K13TH2K,46.8989822,4
K13TH2L,44.1275424,5
K13TH2M,70.9472005,7
K13TI7B,78.1169556,4
K13TI7C,44.0506478,5
K13TI7D,62.4392012,5
K13TI7E,44.7760835,4
K13TI7F,44.0549986,5
K13TI7G,47.9750049,6
K13TI7H,44.547896,6
K13TI7J,43.1301943,5
K13TI7K,44.0222427,6
K13TI7L,39.6651429,3
K13TI7M,36.7145757,5
K13TI7N,53.6374772,5
K13TI7O,39.5804955,4
K13TI7P,80.8406247,6
K13TI7Q,43.871444,6
K13TI7R,61.7807471,7
K13TI7S,35.1552225,6
K13TI7T,44.3786962,6
K13TI7U,39.5907082,5
K13TI7V,39.9056604,6
K13TI7W,43.4809287,4
K13TI7X,43.2800949,6
K13TI7Y,43.8307534,7
K13TI7Z,30.2832806,7
K13TI8B,39.7845057,4
K13TI8C,44.6067127,7
K13TI8D,44.115271,5
K13TI8E,39.7866334,6
K13TI8F,46.0566943,5
K13TM7K,30.2668007,5
K13TM7L,40.4897668,4
K13TM7N,43.7664435,5
K13TM7P,43.5081301,6
K13TM7Q,44.3755934,6
K13TM7R,39.891726,5
K13TM7S,33.7281075,5
K13TM7T,42.9045819,4
K13TM7U,43.7892976,5
K13TM7V,39.7679161,6
K13TM7X,70.348371,5
K13TM7Y,36.3072265,6
K13TM7Z,43.6756281,6
K13TM8A,46.4627767,6
K13TM8B,56.3964601,5
K13TM8C,44.6192789,5
K13TM8D,48.0988834,6
K13TM8E,39.5575116,4
K13TM8F,40.8528281,4
K13TM8G,47.9858356,5
K13TM8H,48.2531219,6
K13TM8J,45.7226937,4
K13TM8K,48.2083313,3
K13TM8L,48.1676235,5
K13TM8M,43.1521872,6
K13TM8N,90.7238486,5
K13TM8O,44.4071182,5
K13TM8P,45.4949662,3
K13TM8Q,42.7031191,3
K13TM8S,43.7634839,5
K13TM8T,44.2910275,5
K13TM8U,45.8362107,5
K13TM8W,43.849534,5
K13TM8X,43.7223999,5
K13TM8Y,45.4411272,4
K13TM8Z,44.2386801,3
K13TM9A,41.8149988,4
K13TM9B,43.8481484,5
K13TM9C,48.0851774,5
K13TM9D,44.0837782,5
K13TM9E,39.7601854,4
K13TM9G,44.8078455,5
K13TM9H,43.1131559,5
K13TM9J,57.2970248,5
K13TM9M,43.6678671,5
K13TM9N,45.8024993,6
K13TM9O,44.1710553,5
K13TM9P,42.9545142,6
K13TM9Q,39.7683684,6
K13TM9S,44.5462835,5
K13U15E,60.4485079,9
K13U15H,177.420765,3
K13U15K,48.2945841,6
K13U15N,45.4878306,4
K13U15O,43.6531537,4
K13U15P,47.0027916,4
K13U15Q,43.032543,6
K13U15R,56.7424319,3
K13U15S,36.6418406,3
K13U16W,44.690712,4
K13U16X,39.4839156,4
K13U16Y,44.3513535,5
K13U16Z,44.916076,4
K13U17A,39.7910216,3
K13U17B,63.1800395,3
K13U17E,43.4130204,3
K13U17F,39.8034206,4
K13U17G,44.0418189,5
K13U17H,48.2007985,4
K13U17J,39.8648624,4
K13U17K,43.8787389,4
K13U17L,43.042403,5
K13U17M,42.8029121,5
K13U17N,43.8475445,5
K13U17O,55.7006847,5
K13U17P,44.203324,3
K13U17Q,36.8283424,4
K13U17R,44.6419472,4
K13U17S,42.8808663,3
K13U17T,43.348629,4
K13U17V,39.7139067,3
K13U17W,45.6660087,4
K13U17X,39.7605245,3
K13U17Y,44.6615689,3
K13U17Z,47.9892858,4
K13U18A,43.3454426,3
K13U18B,45.5051522,4
K13U18C,43.1158137,3
K13U18D,45.3169314,4
K13U18F,46.7717083,4
K13U18G,45.1320025,4
K13U18W,39.6235276,3
K13U18X,43.918297,3
K13U22R,44.3343394,6
K13U22T,42.539844,6
K13U31E,47.5995896,5
K13U31F,39.7646667,6
K13U49L,43.9220766,5
K13V24D,53.4612544,5
K13V24F,39.5341865,9
K13V25Q,62.4181714,7
K13V30X,30.2177076,6
K13V31Z,43.8636211,6
K13V46K,42.0404234,4
K13V46L,45.9845172,6
K13V46M,56.3787193,6
K13V46N,39.7407679,5
K13V46O,48.239434,6
K13V46P,48.1230553,6
K13V46Q,39.5701329,4
K13V46R,39.7414079,5
K13V46S,102.4601042,6
K13V71O,44.3137443,3
K13V71Q,39.7159987,4
K13V71R,39.6907774,4
K13V71S,39.84778,4
K13V71T,39.5902651,4
K13V71U,102.5173638,5
K13V71V,40.7244641,4
K13V71W,44.5196187,5
K13V71X,44.402579,6
K13V71Y,39.7587352,5
K13V71Z,52.9789818,6
K13V72A,41.8917253,5
K13V72B,66.0509765,5
K13V72C,39.7122543,6
K13V72D,48.4098731,5
K13V72E,44.01268,5
K13V72F,39.5682007,5
K13V72H,45.8477605,5
K13WB4G,44.5549006,6
K13WC3H,46.6776638,6
K13WC3J,39.8258872,5
K13WC3K,55.9465154,3
K13WD9A,43.8208939,6
K13WD9B,43.2711053,6
K13WD9C,45.4112568,4
K13X33U,40.8729484,6
K13X40L,91.3292858,5
K13X40M,42.2104561,4
K13YG9D,43.0596706,5
K14A55M,46.8629346,14
K14B70D,41.2498951,11
K14C14W,32.7085609,5
K14DB2T,47.4160479,7
K14F43P,44.5707986,9
K14F61X,42.7253024,4
K14F62B,39.2838969,6
K14F62C,45.5364038,3
K14F69C,72.2244037,3
K14F69O,54.3499067,4
K14F70D,53.5672283,3
K14F70L,55.1277548,4
K14F71V,54.6762327,6
K14F71X,61.9509073,4
K14F71Y,43.2099362,12
K14F71Z,74.8162881,3
K14F72A,56.2138599,3
K14F72C,74.9357938,11
K14F72G,46.3627877,3
K14F72H,56.5245993,3
K14F72J,92.3974948,4
K14F72K,53.3876325,4
K14F72L,101.5975561,3
K14G53T,46.1525316,9
K14G54E,47.4400612,8
K14G54J,39.4450762,8
K14G54K,39.4314125,7
K14G65K,43.4506535,6
K14HK0D,39.1292075,7
K14HK8P,64.9659259,4
K14HK8V,43.368978,3
K14HL1O,65.1148579,10
K14J80E,91.5041275,6
K14J80O,39.0880264,9
K14J80T,39.7183135,6
K14J80U,53.2899372,6
K14J80V,48.516859,4
K14J92Q,39.4404791,10
K14KA1S,38.5509635,7
K14KA1T,42.1965413,5
K14KA1X,39.5659936,9
K14KA2A,104.1764119,9
K14KA2B,55.6701685,7
K14KA2C,39.4679026,7
K14KA2D,39.5623473,6
K14KB3E,72.4049299,8
K14L28O,43.3322954,13
K14L28Q,44.0456794,12
K14L28T,44.4902828,10
K14L28U,54.9552956,8
K14M69X,32.3975224,10
K14M70E,42.9819524,7
K14M70F,39.4445369,10
K14M70G,43.7249375,10
K14M70H,39.6507386,10
K14N65V,118.0315705,4
K14N65Y,40.9401395,7
K14N66A,43.177331,9
K14N66B,46.0422849,9
K14N66C,47.8427102,8
K14N81D,41.8210779,7
K14N86T,39.7133428,9
K14Od3V,39.5208765,9
K14Od3W,42.8195281,3
K14Od3Y,82.8107197,6
K14Od4C,43.9378689,9
K14Od4D,44.6989382,9
K14Od4F,47.2622782,8
K14Od4J,52.8054269,8
K14Od4Q,62.8731265,9
K14P70S,41.8164272,6
K14P82M,56.0778103,6
K14P88E,40.6166859,7
K14Qh3F,46.3374238,4
K14Qi1M,39.8905289,4
K14Qi1O,30.2483412,5
K14Qi1P,30.2330991,3
K14Qi1U,41.5574323,6
K14Qi1W,44.680695,16
K14Qi1Y,36.4631214,10
K14Qi2C,69.8324124,6
K14Qi2E,41.5159798,4
K14Qi2F,46.3694027,5
K14Qi2G,54.2463854,3
K14Qn5T,58.0777064,5
K14Qn5U,43.9145071,6
K14Qn5V,81.2354484,5
K14Qn5W,137.6918062,6
K14Qp0S,70.3256191,7
K14Qp0T,39.7619529,5
K14Qp0U,41.2109605,5
K14Qp0V,43.6909886,5
K14Qp0X,46.0631722,6
K14Qp0Y,43.2156093,5
K14Qp0Z,39.7367818,6
K14Qq7B,41.5752708,8
K14Qu2F,42.5299376,5
K14Qu2G,47.9873813,5
K14Qu2H,38.3155753,5
K14Qu2J,38.2414365,3
K14Qu2K,46.5744833,4
K14Qu2L,45.3128761,4
K14Qu2M,43.9419193,4
K14Qu2P,78.1831923,4
K14Qu2Q,66.3622516,5
K14Qu2R,95.9702511,5
K14Qu2S,131.6179035,5
K14Qu2T,40.8944464,5
K14Qu2U,44.1336072,4
K14Qu2V,42.2363112,4
K14Qu2W,49.6748512,5
K14Qu2X,42.2712659,5
K14Qu2Y,45.9340603,4
K14Qu2Z,41.6244514,4
K14Qu3H,37.2242073,6
K14R70H,38.511627,5
K14R70J,47.3043089,4
K14R74L,46.9972426,5
K14R74M,67.5783092,5
K14R74N,39.6081109,4
K14R74O,30.1851083,6
K14R86L,127.4123055,4
K14R86M,43.2982893,5
K14R86O,42.3266703,4
K14R86P,71.8438469,3
K14R86Q,38.8910955,3
K14R86R,38.4806919,3
K14R86S,47.5581395,4
K14R86T,47.3896184,3
K14R86U,39.743691,5
K14R86V,123.2130871,3
K14R86W,39.5772022,3
K14R86X,45.5857521,4
K14R86Y,43.0252717,4
K14SY8Z,49.0703382,3
K14SY9S,149.4080103,4
K14SY9V,61.7586958,3
K14SZ0C,46.0702797,4
K14SZ0D,63.0873247,3
K14SZ0F,39.7403387,8
K14SZ0N,43.1028191,6
K14SZ0O,77.1063168,5
K14SZ0Q,43.3532415,5
K14SZ0R,102.9365481,4
K14Sa3M,42.2462785,5
K14Sa3N,45.2901858,6
K14Sa3O,42.0784281,5
K14Sa3P,63.1267284,6
K14Sa5A,40.6425655,7
K14Sb3M,45.9711457,5
K14Sb3N,104.8287258,4
K14Sb3O,42.1877916,6
K14Sb3P,39.7436432,8
K14Sb3Q,46.302722,4
K14Sb3R,63.0397609,5
K14Sb3S,58.3453179,6
K14Sb3T,106.5443127,6
K14Sb3U,55.9529413,5
K14Sb3V,55.9013113,4
K14Sb3W,56.3057614,5
K14Sb3X,43.1713797,4
K14Sb3Y,39.2540142,6
K14Sb3Z,114.9803448,5
K14Sb4A,44.1948832,5
K14Sb4B,44.4903727,7
K14Sb4C,30.1987295,7
K14Sb8F,46.4329312,8
K14Sb8G,84.2269429,7
K14Sb8J,83.3017447,8
K14Se3D,113.4001969,3
K14Se3L,43.9849113,5
K14Se3N,132.8213406,4
K14Se3Q,141.8878329,4
K14Se3R,56.0442897,5
K14Se3S,45.708227,3
K14Se3T,48.3972481,4
K14Se3U,57.9712626,5
K14Se3V,46.4714422,3
K14Se3W,42.9989141,4
K14Se3Y,52.5782551,4
K14Se3Z,43.1528152,5
K14Se4A,48.6139009,4
K14Se4B,39.6987545,4
K14Se4C,39.6503533,5
K14Se4D,36.6918931,5
K14Se4E,75.6028391,3
K14Se4F,41.727123,4
K14Se4G,79.689567,5
K14Se4H,68.3724157,4
K14Se4J,39.4584748,5
K14Se4K,63.3841258,5
K14Se4L,42.0346343,5
K14Se4R,46.5351336,4
K14T85T,40.7993333,3
K14T85X,40.7825858,9
K14T86B,45.9942242,9
K14T86E,44.6589809,5
K14T86F,40.7135855,5
K14T95L,43.9174093,5
K14T95M,36.7543523,7
K14TA0S,65.9628534,4
K14TA0T,87.5282944,5
K14TB4Y,44.1487106,6
K14TB5A,42.6596936,5
K14TB5C,55.3550564,6
K14TB5D,46.3570712,6
K14TB5G,45.5124776,6
K14TB5H,39.69089,5
K14TB5J,36.7220913,5
K14TB5K,39.720648,6
K14TB5L,48.1959008,3
K14TB5O,62.9121967,5
K14TB5P,56.3055574,5
K14TB5Q,42.593777,4
K14TB5R,43.8668484,3
K14TB5S,186.038083,4
K14TB5T,48.0663209,5
K14TB5V,41.0372221,5
K14TB5W,42.1137111,4
K14TB5X,46.0269367,5
K14TB5Y,82.2680115,4
K14TB5Z,41.8214453,4
K14TB6B,80.5628528,5
K14TB6D,46.8761943,7
K14TB6F,42.3766955,3
K14UJ2H,47.7578226,12
K14UM4F,45.5854224,5
K14UM4O,42.1780727,7
K14UM4Y,129.5979831,4
K14UM4Z,108.9254846,6
K14UM5A,68.9614343,10
K14UM5B,44.0858951,3
K14UM5C,35.3307054,4
K14UM5H,38.8565964,4
K14UM5N,59.9660194,5
K14UM8B,57.570256,4
K14UM8C,45.2524528,5
K14UM8D,55.2698381,4
K14UM8E,58.4953103,4
K14UM8F,39.8463285,4
K14UM8G,55.5777349,5
K14UM8H,48.1258935,5
K14UM8J,43.1992017,3
K14UM8K,58.5453802,5
K14UM8L,46.9420094,4
K14UM8M,39.6420215,3
K14UM8N,46.1984729,4
K14UM8O,39.8572054,5
K14UM8P,42.6855741,4
K14UM8Q,43.960295,5
K14UM8R,39.2130421,5
K14UM8S,48.3488289,5
K14UM8T,49.2117049,5
K14UM8U,39.9284825,3
K14UM8V,39.8064311,6
K14UM8W,36.6651392,4
K14UM8X,36.5633399,3
K14UM8Y,43.6570792,3
K14UM8Z,39.8506741,4
K14UM9A,35.2454048,3
K14UM9B,39.8235264,4
K14UM9C,45.8709518,5
K14UM9D,36.6031208,3
K14UM9E,43.2034632,4
K14UM9F,38.3566306,3
K14UM9G,28.1380192,3
K14UM9H,44.2472437,3
K14UM9J,41.6433803,3
K14UM9K,43.031496,5
K14UM9L,42.984257,4
K14UM9M,44.0014393,5
K14UM9N,42.5205919,4
K14UM9O,39.7556706,4
K14UM9P,45.9581114,4
K14UM9Q,50.602146,7
K14UM9R,43.4734915,3
K14UM9S,55.9461566,4
K14UM9T,39.6953634,3
K14UM9U,39.7908692,4
K14UM9V,73.3758358,4
K14UM9W,48.0018152,3
K14UM9Y,47.9039659,4
K14UN0A,55.6842934,4
K14UN0B,50.1477127,4
K14UN0C,45.470996,4
K14UN1K,44.0505454,3
K14UN1O,55.8544904,5
K14UN3M,47.1335472,3
K14UO0U,30.2108139,5
K14UO1D,42.6655395,7
K14UO1E,42.7810407,5
K14UO1F,41.7445775,6
K14UP0N,40.8169025,5
K14UP0O,42.1216435,6
K14UP0P,52.8786686,4
K14UP0Q,55.9999878,5
K14UR6W,39.7029896,5
K14UR6X,45.5900203,5
K14UR6Y,56.0780399,5
K14UR6Z,46.3363403,3
K14UR7A,47.3363763,5
K14UR7B,70.7612357,5
K14UR7F,43.0045691,4
K14UR7G,40.3917835,5
K14UR7H,39.5553545,4
K14UR7J,43.5841487,5
K14UR7K,53.6684269,6
K14UR7L,47.9356278,3
K14UR7M,73.3999914,4
K14UR7N,42.951643,4
K14UR7O,36.7837355,5
K14UR7P,48.6563749,5
K14UR7Q,44.1596479,6
K14UR7R,41.5152582,5
K14UR7S,100.0726079,7
K14UR7T,42.9186731,4
K14UR7U,46.2407315,5
K14UR7V,61.8029594,4
K14UR7X,91.3484743,4
K14UR7Y,38.8996982,5
K14UR8E,50.4012868,5
K14V37W,42.3703339,5
K14V39V,44.3034467,6
K14V41B,54.0325945,7
K14V41C,37.9948392,5
K14V43K,44.1586983,5
K14V43L,42.9997519,5
K14V43M,109.6861362,5
K14V43N,36.6107044,6
K14V43O,44.1714897,4
K14V43P,138.1496012,5
K14Wo8W,28.1726562,7
K14Wo9C,39.4837858,8
K14Wo9M,42.5005763,3
K14Wo9P,44.9144864,9
K14Wo9S,44.426595,8
K14Wo9W,42.7025273,7
K14Wp0B,39.5961286,9
K14Wp0E,39.6137119,7
K14Wp0K,49.8515113,7
K14Wp0M,77.4539424,7
K14Wp0N,75.3975586,7
K14Wp0O,39.4438478,8
K14Wp0R,39.3468674,8
K14Wp7L,60.7096194,3
K14Wp7M,48.0289396,3
K14Wr5Y,56.1364238,10
K14Wr6B,59.9588607,6
K14Wr6C,39.596956,7
K14Wr6D,39.7746539,8
K14Wt5Y,55.6489843,5
K14Wt5Z,46.2061166,6
K14Wt6A,63.4073942,8
K14Wt6C,46.3883826,3
K14Wt6D,78.5009364,6
K14Wt6E,67.8665498,4
K14Wy1X,39.8556387,4
K14Wy1Y,50.1158638,4
K14Wy1Z,96.5829514,5
K14Wy2A,46.360845,5
K14Wy2B,44.0130174,5
K14Wy2C,39.1748892,5
K14Wy2D,43.5260791,4
K14Wy2E,80.4226744,5
K14Wy2F,111.6240421,5
K14Wy2G,41.9812004,5
K14Wy2H,38.3530223,5
K14Wy2J,53.5607577,5
K14Wy2L,41.1518025,5
K14Wy2M,47.5510525,5
K14X03S,72.0997615,3
K14X40W,49.7503747,7
K14X40Y,47.5612076,6
K14X40Z,39.89814,4
K14X47W,44.038788,5
K14X47X,52.2335112,5
K14X47Y,38.3388317,5
K14X47Z,46.4668559,6
K14X48A,47.1852404,6
K14X48B,70.1216762,6
K14X48C,41.6273313,6
K14X54R,65.922336,4
K14X54S,47.424024,4
K14X54T,39.5649397,5
K14X54U,65.9821482,5
K14Y49Y,31.2659147,12
K14Y50A,46.1377189,17
K14Y50D,96.7850449,8
K14Y50L,56.0833821,5
K14Y72R,39.6249584,5
K14Y72S,55.776112,6
K14Y72T,45.2741071,5
K14Y72U,46.9283554,6
K14Y91W,41.0799734,5
K14Y91X,53.9937124,4
K14Y91Z,48.5263111,5
K14Y92A,38.8851114,4
K14Y92B,30.3126377,5
K14Y92C,64.8676129,5
K14Y92D,75.94794,5
K14Y92E,66.8520928,5
K14Y92F,43.5743154,5
K14Y92G,48.2048044,5
K14Y92H,38.9821678,4
K14Y92J,44.036736,5
K15AS1H,37.617274,9
K15AS1J,43.0108558,12
K15AS1L,45.817109,10
K15AT3Q,43.9181938,6
K15AT3R,53.430975,4
K15AT3S,52.1322052,5
K15AU4N,135.5718532,4
K15Bp8L,45.5933692,8
K15Bp8P,43.377926,11
K15Bp8Q,41.2671252,9
K15Bp8S,41.6313814,6
K15Bp8Y,47.1922845,8
K15Bp9A,39.2684677,10
K15Bp9B,63.4589942,8
K15Bp9C,54.9766545,11
K15Bu8E,73.9814717,8
K15Bu8G,82.5318123,8
K15DM5A,72.553632,5
K15DO8W,50.8450352,8
K15DO8Z,72.9196072,6
K15DO9A,41.9697835,6
K15DO9B,44.9261985,7
K15DO9C,41.3412765,10
K15DO9E,58.4809285,8
K15DO9J,51.067384,6
K15DO9M,55.0834039,6
K15DO9S,58.7253715,7
K15DO9U,54.2394173,4
K15DO9X,70.7842281,6
K15DP0Z,42.4473188,5
K15FY5R,39.1741773,4
K15FY5S,46.2302534,5
K15Fd2W,44.3559067,4
K15Fe3U,54.5887527,4
K15Ff5G,63.9110702,3
K15G50Q,46.0190941,3
K15G50S,47.6084817,3
K15G51Y,47.2560642,4
K15G54F,39.1379148,3
K15G54G,39.2910748,3
K15G54J,39.0554702,3
K15G54K,39.4182636,5
K15G54L,39.3861029,3
K15G54M,39.3539258,3
K15G54N,39.42182,3
K15G54O,39.1183065,3
K15G54P,39.1866473,3
K15G54Q,39.2079917,3
K15G54R,39.12708,3
K15G54S,39.4032704,4
K15G54T,39.0996265,3
K15G54U,39.2268461,3
K15G54V,39.4276764,3
K15G54W,39.2400435,3
K15G54X,39.1956753,3
K15G54Y,39.1324135,3
K15G54Z,47.4890323,3
K15G55A,62.3200837,3
K15G55B,61.8244493,3
K15G55C,43.4630689,3
K15G55D,43.3574769,3
K15G55E,43.4331186,3
K15G55F,43.3769012,3
K15G55G,43.2912375,3
K15G55H,43.5503205,3
K15G55J,43.57291,3
K15G55K,43.5429945,3
K15G55L,43.4724472,3
K15G55M,55.042042,3
K15G55N,55.132169,4
K15G55O,42.2157466,3
K15G55P,36.2703122,3
K15G55Q,42.678242,3
K15G55R,38.4211298,3
K15G55S,43.9830477,4
K15G55T,45.7642022,3
K15G55U,93.8368572,4
K15G55V,31.2764766,3
K15G55W,84.7474378,3
K15G55X,180.3697392,3
K15G55Y,99.7950101,4
K15G55Z,64.2247012,3
K15G56A,51.2210455,3
K15G56B,90.3080406,3
K15G56C,69.9242848,4
K15G56D,64.4738413,3
K15G56F,42.4886252,3
K15G56G,43.3003405,4
K15G56H,45.9970217,3
K15G56J,43.6129051,3
K15G56K,44.344364,4
K15G56L,39.9071171,4
K15G56M,43.6089975,3
K15G56N,42.458344,3
K15G56O,46.3808414,4
K15G56P,41.5534396,3
K15G56Q,42.8219835,4
K15G56R,43.9410288,3
K15G56S,43.0420673,3
K15G56T,45.4893232,3
K15G56U,43.2435081,3
K15G56V,45.7145262,3
K15G56W,45.0931109,3
K15G56X,44.1057699,3
K15G56Y,43.1662397,3
K15G56Z,43.9209301,3
K15G57A,43.6986924,3
K15G57B,43.9776153,3
K15G57C,44.0022905,3
K15G57D,46.0846436,3
K15G57E,42.7679434,3
K15G57F,46.486723,3
K15G57G,43.8563949,3
K15G57H,42.6600934,3
K15G57J,43.1312941,3
K15G57K,43.8270317,3
K15G57L,42.922546,3
K15G57M,43.852621,3
K15G57N,44.7280919,3
K15G57O,43.008382,3
K15G57P,45.0851207,3
K15G57Q,44.8067921,3
K15G57R,43.7589616,3
K15G57S,43.7855344,4
K15G57T,43.7014646,3
K15G57U,43.9081914,3
K15G57V,42.7587178,3
K15G57W,44.7191819,3
K15G57X,45.3851482,3
K15G57Y,43.6774327,3
K15G57Z,44.042106,3
K15G58A,41.6880858,3
K15G58B,43.7797721,3
K15G58C,43.9076462,3
K15G58D,43.3867921,3
K15G58E,42.5974156,3
K15G58F,43.7465468,3
K15G58H,43.3017071,3
K15G58J,45.122878,3
K15G58K,43.8755673,3
K15G58L,44.1690928,3
K15G58M,43.5837946,4
K15G58O,44.0612181,3
K15G58P,43.8471488,3
K15G58Q,45.4649364,3
K15G58S,43.0887943,3
K15G58T,43.6887624,3
K15G58U,44.0842713,3
K15G58W,45.2123476,3
K15G58X,43.5342359,3
K15G58Y,44.3146919,3
K15G58Z,42.5752262,3
K15G59A,44.1606655,3
K15G59B,42.7050117,3
K15G59C,43.212894,3
K15G59D,44.5018602,3
K15G59E,42.9879191,3
K15G59G,46.5368053,3
K15G59H,43.1736993,3
K15G59J,44.8960683,3
K15G65R,39.1949717,3
K15HJ5F,43.4316476,4
K15HJ6Z,42.9535635,3
K15KG2H,61.586302,12
K15KG3C,46.2176888,7
K15KG3H,154.3517751,4
K15KG7L,47.30535,4
K15KG7M,47.829476,3
K15KH2E,129.9911493,4
K15KH2G,55.358978,3
K15KH3C,39.2999386,4
K15KH3D,39.5034824,4
K15KH3E,39.3638207,5
K15KH3F,39.3588796,4
K15KH3G,39.5200762,4
K15KH3H,39.4777363,4
K15KH3J,39.2422401,3
K15KH3K,39.1748902,3
K15KH3L,39.3623852,3
K15KH3M,39.3758253,4
K15KH3N,39.543091,4
K15KH3O,39.4355127,4
K15KH3P,39.2759139,3
K15KH3Q,39.4233758,3
K15KH3R,39.2323224,3
K15KH3S,39.3225965,4
K15KH3T,39.627179,4
K15KH3U,39.430061,4
K15KH3V,39.4961216,4
K15KH3W,39.3653232,4
K15KH3X,47.9274499,4
K15KH3Y,62.7425694,3
K15KH3Z,75.3016889,4
K15KH4A,43.5673074,4
K15KH4B,43.5849117,4
K15KH4C,55.2908803,4
K15KH4D,55.3968504,4
K15KH4E,55.3544378,3
K15KH4F,55.5516089,3
K15KH4G,55.5693781,4
K15KH4H,55.4951445,4
K15KH4J,42.301209,4
K15KH4K,42.1769871,3
K15KH4L,42.3020883,4
K15KH4M,42.1436168,4
K15KH4N,45.5566217,4
K15KH4O,69.4749063,4
K15KH4P,38.744257,4
K15KH4Q,54.8715139,4
K15KH4R,89.2305887,3
K15KH4S,32.4625132,3
K15KH4T,52.0772178,4
K15KH4U,79.346442,4
K15KH4V,52.0550058,4
K15KH4W,48.8868182,4
K15KH4X,51.6767859,4
K15KH4Y,53.8824694,3
K15KH4Z,48.2439511,4
K15KH5A,43.2910997,3
K15KH5B,42.0816218,5
K15KH5C,46.2254451,3
K15KH5D,46.0196085,4
K15KH5E,45.6989552,4
K15KH5F,45.1107191,4
K15KH5G,43.3997208,5
K15KH5H,40.2475643,4
K15KH5K,45.0333671,3
K15KH5L,44.7759905,4
K15KH5M,46.4005111,3
K15KH5N,47.2347188,4
K15KH5O,40.3069301,3
K15KH5P,44.8257633,4
K15KH5Q,42.9156538,3
K15KH5R,44.0578213,3
K15KH5S,45.1767551,4
K15KH5T,45.2178478,3
K15KH5U,43.8828787,3
K15KH5V,45.3725953,4
K15KH5W,46.217245,4
K15KH5X,45.5996017,4
K15KH5Y,44.4859133,3
K15KH5Z,46.8879371,4
K15KH6A,44.274397,3
K15KH6B,45.1428146,4
K15KH6C,41.9606441,4
K15KH6D,46.115239,4
K15KH8G,39.3048385,10
K15KH8K,36.9152311,10
K15KJ9K,60.3944243,4
K15KJ9L,43.4880488,3
K15KJ9M,39.3937391,3
K15MF0L,43.9721484,3
K15PV2D,56.0516388,6
K15PV2F,45.5527909,10
K15PV2L,42.1435235,5
K15Q11T,38.8395965,3
K15Q14L,43.9363178,3
K15Q23W,47.767941,9
K15Q33V,53.5115185,4
K15Q33W,46.2292072,5
K15Q33X,40.8708413,5
K15Q33Y,43.2425211,4
K15Q33Z,55.5865012,5
K15Q34A,65.7557754,3
K15Q34B,44.1757326,5
K15Q34C,56.2224904,4
K15Q34L,56.0737961,5
K15RO5S,40.628747,3
K15RO5T,44.7868418,7
K15RO5U,31.3043151,3
K15RO5W,57.4461617,5
K15RR7C,46.8200394,4
K15RR7J,47.1538044,3
K15RR7R,39.6340254,3
K15RR7S,39.7518532,3
K15RR7T,39.8721942,3
K15RR7U,39.7324884,3
K15RR7V,39.6068837,3
K15RR7X,48.0278007,3
K15RR7Y,47.9625121,3
K15RR7Z,62.7877517,3
K15RR8A,63.5321516,3
K15RR8B,76.7493158,3
K15RR8C,44.0734794,4
K15RR8D,44.0651815,3
K15RR8E,44.022314,3
K15RR8F,44.0065464,3
K15RR8G,44.0627951,3
K15RR8H,55.8804995,3
K15RR8J,42.4725151,3
K15RR8K,42.6809417,3
K15RR8L,80.6212382,3
K15RR8M,46.1923499,3
K15RR8O,45.9034626,3
K15RR8P,43.5475722,3
K15RR8Q,46.3291408,3
K15RR8R,35.0501685,3
K15RR8S,54.6472199,3
K15RR8T,45.4927926,3
K15RR8U,51.2722811,3
K15RR8V,50.9589179,3
K15RR8X,38.0064628,3
K15RR8Y,39.1712078,3
K15RR8Z,73.5059427,3
K15RR9A,60.2475522,3
K15RR9B,131.1726003,3
K15RR9C,104.3501778,3
K15RR9D,51.4348409,3
K15RR9E,58.2528445,3
K15RR9F,43.2749262,3
K15RR9G,60.4605433,3
K15RR9H,71.9618711,3
K15RR9J,57.1935495,3
K15RR9L,44.5937867,3
K15RR9M,44.4523422,3
K15RR9N,43.2272301,4
K15RR9P,44.461289,3
K15RR9Q,47.1869354,3
K15RR9R,44.588426,3
K15RR9S,44.5154237,3
K15RR9T,44.1649406,3
K15RR9U,46.6566078,3
K15RR9V,45.8871913,3
K15RR9W,44.2954963,3
K15RR9Y,45.2170818,3
K15RR9Z,43.8914006,3
K15RS0A,45.1860876,3
K15RS0B,44.1742644,6
K15RS0C,43.6605379,3
K15RS0D,45.0031794,3
K15RS0E,44.6610528,3
K15RS0F,43.3416493,3
K15RS0G,42.9989582,3
K15RS0H,45.3605068,3
K15RS0L,45.4844976,3
K15RS0M,45.989057,3
K15RS0N,41.6468714,3
K15RS0O,41.7027831,3
K15RS0P,45.8069242,4
K15RS0Q,44.3928522,3
K15RS0R,41.7911537,4
K15RS0S,41.5908623,3
K15RS0T,41.7139912,3
K15RS0W,41.6142406,3
K15RS0X,44.2340816,3
K15RS0Y,46.7522203,3
K15RS1A,43.0875398,3
K15RS1B,43.6332894,3
K15RS1C,46.4495169,4
K15RS1D,41.6919762,3
K15RS1E,46.217242,3
K15RS1F,46.4270675,3
K15RS1G,46.6258382,3
K15RS1H,47.3177807,3
K15RS1J,46.4620148,3
K15RS1K,44.6829627,3
K15RS1L,40.606806,3
K15RS1M,46.1505182,3
K15RS1N,42.772343,3
K15RS1O,44.2664966,3
K15RS1P,45.283033,3
K15RS1Q,122.5848768,3
K15RS1R,44.6293043,3
K15RS1S,66.8810416,3
K15RX4V,72.7989937,3
K15RY5X,42.070827,5
K15RY5Y,40.5125736,5
K15S20P,45.2929629,6
K15S20V,35.196916,6
K15S49Z,45.8343549,5
K15TZ0S,145.0159925,3
K15Ta0Y,56.2023282,6
K15Ta1A,43.251065,6
K15Ta1C,39.5594258,5
K15Ta1J,45.6348847,6
K15Ta1L,44.0385029,6
K15Ta1P,39.6733246,4
K15Ta1R,35.1507672,6
K15Ta1V,90.4845922,6
K15Ta1W,70.4231106,5
K15Ta2F,69.728219,6
K15Ta2G,44.5476816,6
K15Ta2P,72.9976146,7
K15Ta2R,44.1747642,6
K15Ta3J,46.4832498,6
K15Ta3K,41.1799113,6
K15Ta3S,56.0972327,6
K15Ta3X,40.5569745,5
K15Ta7G,52.4780391,3
K15Te8Q,39.704642,6
K15Tj4P,67.470461,5
K15Tj4Q,52.064882,3
K15U84K,50.0401214,6
K15U87H,63.0528768,3
K15UA5N,193.6262731,4
K15UA5O,51.8179356,4
K15VF7D,47.9473864,3
K15VG4A,45.9657838,3
K15VG4B,45.0886373,3
K15VG4C,45.545415,3
K15VG4D,46.0397536,3
K15VG4F,28.3031955,3
K15VG4J,39.5285,3
K15VG4K,39.4068768,4
K15VG4L,39.5539033,4
K15VG4M,39.4728592,4
K15VG4N,39.5697099,4
K15VG4O,39.7641263,3
K15VG4P,39.4516511,3
K15VG4R,39.4557232,4
K15VG4S,39.4935193,3
K15VG4U,39.6831579,3
K15VG4V,39.6753795,3
K15VG4W,39.6405875,3
K15VG4X,39.4760327,3
K15VG4Y,39.5663918,3
K15VG4Z,39.5632978,3
K15VG5A,39.8559068,3
K15VG5B,39.8563511,4
K15VG5C,39.5393951,3
K15VG5D,39.6401934,3
K15VG5E,39.7978489,3
K15VG5F,39.4130945,4
K15VG5G,39.4786825,4
K15VG5H,39.645274,5
K15VG5J,39.4050661,4
K15VG5K,39.7836817,4
K15VG5L,39.6387899,4
K15VG5M,39.6317656,3
K15VG5N,39.4305497,3
K15VG5O,39.6306322,4
K15VG5P,39.5039773,4
K15VG5Q,39.352227,4
K15VG5R,39.6837888,3
K15VG5S,39.6771125,3
K15VG5T,39.5695386,3
K15VG5U,39.4023937,3
K15VG5V,30.2210102,4
K15VG5W,30.2071512,6
K15VG5X,30.1594731,3
K15VG5Y,48.1047835,4
K15VG5Z,48.1020412,3
K15VG6A,48.1492624,3
K15VG6B,47.9396504,4
K15VG6C,48.3662462,3
K15VG6D,48.0503086,4
K15VG6E,48.1455735,3
K15VG6F,47.9106352,3
K15VG6G,48.1107025,4
K15VG6H,48.0317226,4
K15VG6J,47.9451404,4
K15VG6K,48.3598035,4
K15VG6L,48.088948,4
K15VG6M,63.70693,4
K15VG6N,63.4451649,4
K15VG6O,76.2954698,4
K15VG6P,76.2027586,4
K15VG6Q,43.8892185,4
K15VG6R,43.8191896,3
K15VG6S,43.8752214,4
K15VG6T,43.8473389,3
K15VG6U,43.8815679,3
K15VG6V,43.8546398,3
K15VG6W,43.8379647,3
K15VG6X,43.740628,3
K15VG6Y,43.8782747,3
K15VG6Z,43.9052625,4
K15VG7A,43.8957679,4
K15VG7B,43.8555554,4
K15VG7C,43.9135979,3
K15VG7D,55.9698002,3
K15VG7E,55.660345,3
K15VG7F,55.8102289,3
K15VG7G,42.4509594,3
K15VG7H,42.5242416,3
K15VG7J,42.3368225,4
K15VG7K,42.5705341,4
K15VG7M,36.5951758,3
K15VG7N,36.6370059,3
K15VG7O,59.4946843,4
K15VG7P,40.8636545,3
K15VG7Q,85.9127694,3
K15VG7R,69.6989919,3
K15VG7S,81.4991768,4
K15VG7T,50.6984553,3
K15VG7U,46.5452855,4
K15VG7V,44.3610362,3
K15VG7W,38.2460919,4
K15VG7X,38.8536429,3
K15VG7Y,38.9444537,3
K15VG7Z,33.7730877,3
K15VG8A,72.7377429,3
K15VG8B,98.7747687,3
K15VG8C,44.4033403,4
K15VG8D,118.4735089,4
K15VG8E,69.4440624,3
K15VG8F,41.2346518,3
K15VG8G,65.6369731,4
K15VG8H,49.0864914,4
K15VG8J,59.8845701,3
K15VG8K,59.2957856,4
K15VG8L,87.6194284,3
K15VG8M,63.941244,4
K15VG8N,61.8763082,4
K15VG8O,53.9760765,4
K15VG8P,45.7167399,3
K15VG8Q,43.7412108,3
K15VG8R,44.6263419,3
K15VG8S,47.0287034,3
K15VG8T,45.5195461,4
K15VG8U,44.5534679,4
K15VG8V,45.7264668,4
K15VG8W,42.8807123,4
K15VG8X,43.310413,4
K15VG8Y,42.9914548,4
K15VG8Z,44.3585331,3
K15VG9A,44.086352,4
K15VG9B,44.2029402,4
K15VG9C,43.6652628,4
K15VG9D,42.9571129,4
K15VG9E,44.5399389,3
K15VG9F,44.0540076,3
K15VG9G,46.8256154,3
K15VG9H,43.0783375,3
K15VG9J,43.1098985,3
K15VG9K,44.0043429,3
K15VG9L,45.0598728,3
K15VG9M,40.845703,4
K15VG9R,42.8271721,3
K15VG9S,43.5810585,3
K15VG9T,44.0063495,3
K15VG9U,42.6965469,3
K15VG9V,43.1639394,3
K15VG9W,45.3728078,3
K15VG9X,44.0755436,3
K15VG9Z,45.4291254,3
K15VH0B,43.9789076,3
K15VH0C,43.8041379,3
K15VH0D,45.8651046,3
K15VH0E,42.6881056,3
K15VH0F,42.9463125,3
K15VH0G,42.2348351,3
K15VH0H,44.9788362,3
K15VH0J,43.0360474,3
K15VH0K,43.5600433,3
K15VH0L,40.2343451,3
K15VH0M,45.492634,4
K15VH0N,41.7776132,3
K15VH0O,44.1272617,3
K15VH0P,46.2667729,3
K15VH0Q,42.7101736,3
K15VH0R,43.4791726,3
K15VH0S,41.6155436,3
K15VH0T,43.6314474,3
K15VH0U,42.8942788,3
K15VH0V,43.4157891,3
K15VH0W,45.9852217,3
K15VH0X,46.8689758,3
K15VH0Y,43.368095,3
K15VH0Z,44.4657132,3
K15VH1A,43.1383727,4
K15VH1B,44.0127331,3
K15VH1C,44.6265964,3
K15VH1D,46.7607695,3
K15VH1E,44.1562902,3
K15VH1F,42.8964997,3
K15VH1G,42.7815078,3
K15VH1H,45.0648318,3
K15VH1J,46.5334128,3
K15VH1K,43.3123986,3
K15VH1L,47.0575973,3
K15VH1M,44.1657499,3
K15VH1N,43.9155012,3
K15VH1O,44.2927043,4
K15VH1P,43.5360196,3
K15VH1Q,45.4358731,4
K15VH1R,45.395356,4
K15VH1S,44.3684658,3
K15VH1T,43.556961,4
K15VH1U,43.8137723,3
K15VH1V,46.0977193,4
K15VH1W,43.4547328,4
K15VH1X,45.4305465,3
K15VH1Y,43.3082241,4
K15VH1Z,44.4740719,4
K15VH2A,44.4256173,4
K15VH2C,46.9394838,3
K15VH2D,42.2514535,4
K15VH2E,44.0309295,3
K15VH2F,43.6288313,4
K15VH2G,44.2195154,3
K15VH2H,44.0418452,3
K15VH2J,44.1225828,3
K15VH2L,43.8352931,3
K15VH2M,46.1081035,3
K15VH2N,45.8425259,4
K15VH2O,43.6446667,4
K15VH2P,45.5763655,4
K15VH2R,45.6493059,4
K15VH2S,46.4788588,3
K15VH2T,44.5376773,3
K15VH2U,39.7157833,4
K15VH2V,42.7175573,4
K15VH2W,44.557583,4
K15VH2X,43.7482539,4
K15VH2Y,45.5702309,5
K15VH2Z,43.2318768,4
K15VH3A,43.2252219,4
K15VH3B,42.7532182,4
K15VH3C,43.2788042,4
K15VH3D,44.5887773,4
K15VH3E,44.9451048,4
K15VH3F,43.5695358,3
K15VH3G,44.358686,4
K15VH3H,44.0529733,4
K15VH3J,43.4603268,4
K15VH3K,43.9202928,4
K15VH3L,44.8000722,4
K15VH3M,44.1311516,5
K15VH3N,42.9123274,3
K15VH3O,45.1243293,3
K15VH3Q,44.9518817,3
K15VH3R,43.7728969,3
K15VH3S,45.8359348,3
K15VH3T,43.4143817,3
K15VI1J,42.9262477,7
K15VI4X,70.0278164,3
K15VI4Z,39.5240966,13
K15VK2O,39.4592298,3
K15VK2P,54.129889,3
K15VK7Q,155.2996028,4
K15VK7R,80.6533815,5
K15VK7S,90.5581457,4
K15VK7T,53.7467794,4
K15VK7U,30.2260327,6
K15VK7V,56.4415441,4
K15VK8B,93.716663,4
K15Xm0O,42.5967068,4
K16AR8N,46.8129594,5
K16CW3N,96.7719086,3
K16F58X,54.1476732,4
K16F59L,42.9546248,10
K16F59N,57.7783375,10
K16GR6Z,142.9738549,3
K16GR7A,154.0104042,3
K16GR7B,78.7416508,3
K16L89X,43.1505447,3
K16PL9N,42.5737533,4
K16PL9U,38.5347645,4
K16PM0K,50.3911687,4
K16PM0L,78.6028576,4
K16PM0M,40.4989376,3
K16PM0N,45.9248281,4
K16PM0O,42.3447302,4
K16PM0P,45.0339662,3
K16PM0T,42.786284,4
K16Q85P,60.4365556,3
K16Q89V,175.0792934,8
K16QD3Z,48.2067378,5
K16QD4L,44.0660896,6
K16QD4M,44.4048588,4
K16QD4N,44.0958356,5
K16QD4O,44.1168673,4
K16QD4P,94.7617404,4
K16QD4V,42.6472962,4
K16QD4W,42.2381616,3
K16QD4X,44.2081858,3
K16QD4Y,44.7164377,4
K16QD4Z,43.1682471,4
K16QD5A,46.9511954,3
K16QD5B,33.3910937,3
K16QD5C,44.5939291,3
K16QD5D,47.7747559,3
K16QD5E,42.8262682,4
K16QD5F,49.1321982,5
K16QD5G,47.6753802,6
K16R81U,43.6436285,4
K16R81V,45.6847211,6
K16R81X,44.3967865,5
K16R82A,43.4486827,4
K16R82D,46.0227972,4
K16R82F,66.006174,5
K16R82G,43.0652118,4
K16R82H,44.4538376,4
K16R82J,38.8339072,4
K16R82K,43.0583784,5
K16R82L,53.4999542,4
K16R82M,45.6666116,4
K16R82O,46.3569533,4
K16R82P,44.9180401,3
K16R82Q,45.394518,4
K16R82R,44.2254099,4
K16R82S,43.4147485,4
K16R82T,47.1503719,4
K16R82W,53.1355631,5
K16R82X,47.4698451,3
K16S46S,40.9093667,4
K16S55Q,43.4404289,6
K16S55S,74.1604223,6
K16S55U,38.2266902,7
K16S55Y,39.6370332,5
K16S56A,50.0351778,6
K16S56B,40.376651,3
K16S56E,70.6129971,14
K16S56K,43.1441924,7
K16S56N,45.9511418,4
K16S56O,63.3468754,6
K16S56P,49.9605378,6
K16S56U,60.0931931,3
K16S56Y,43.0884487,6
K16S57F,39.5584865,6
K16S57J,36.5656162,6
K16S57U,45.9162184,6
K16S57W,46.5511696,5
K16S58E,43.754159,4
K16S58J,43.9723288,5
K16S58Q,36.5956566,6
K16S58R,81.1524079,5
K16S58V,45.2437694,6
K16S59C,44.7012815,6
K16SA5J,37.9793262,5
K16SA5R,46.8558279,3
K16SA5W,36.6129341,4
K16SA5X,51.2181589,6
K16SA5Y,46.0518175,4
K16SA5Z,43.2449452,3
K16SA6B,44.385192,4
K16T94S,39.5913106,6
K16T94T,42.2878361,6
K16T94W,42.9955756,3
K16T94Y,49.3574222,5
K16T94Z,44.5839402,5
K16T95A,70.5045301,4
K16TC0P,168.5715373,4
K16TH6L,47.474442,4
K16TH6M,53.9438013,3
K16UR3L,41.8747531,4
K16UR3O,48.3220072,5
K16UR3P,84.7023179,4
K16UR3Q,43.8984254,4
K16W75B,46.0368169,5
K16X34O,46.7719948,4
K17A13X,28.6575903,4
K17C32W,178.5549652,3
K17DC1M,44.1458857,3
K17DC1N,47.5180074,5
K17FG1O,59.5840837,8
K17FG1Q,47.4658429,3
K17FH3E,104.2543605,4
K17O69F,39.6882559,10
K17O69G,40.3231141,6
K17O69K,50.4877695,4
K17QD1Q,43.7217672,4
K17QD1U,50.7277144,5
K17RD7Y,46.2221646,4
K17RD7Z,46.4340985,3
K17SD2N,97.6341957,3
K17SR7E,89.9374076,5
K17SR9E,150.7524128,4
K17U51X,30.1518783,7
K17V34O,52.3666725,3
K17W30H,85.5548625,3
K17Y03K,39.3714437,11
K17Y05G,66.2663727,5
K18A18X,52.2534117,3
K18A18Z,54.8654042,3
K18A37G,80.9835304,3
K18A39D,167.0283629,4
K18A39H,55.1683457,3
K18A39K,51.3919822,3
K18M13F,41.3673482,3
K18V18G,81.8549833,5
K19A77C,57.212382,3
K19E05A,69.8821776,3
K19E05T,52.4352202,3
K19E05V,55.777781,3
K19G23J,43.6627133,4
K19GC9Z,61.7682577,3
K19GE0M,36.287339,8
K19Q08Q,61.5343112,4
K19R04O,41.9370223,3
K19SE9S,119.6439626,10
K19T07X,33.3121527,3
K19U12H,53.0315028,5
K20B63Q,42.5539736,4
K20B94Z,57.8013351,3
K20B95A,56.282157,3
K20B95B,117.2808035,3
K20BA1Y,52.309777,3
K20BA2E,74.8275096,3
K20BA2F,56.3112685,3
K20C03M,71.2898489,11
K20D05D,34.5050169,7
K20D06J,43.3840862,4
K20F07P,51.8841514,3
K20F31B,57.4987032,4
K20F40P,57.9662014,3
K20F40Q,65.5418425,3
K20F40R,79.5737628,5
K20K11Q,44.6436333,4
K20Q83H,39.5936987,3
K20S35E,42.7542802,10
K21D01L,35.264263,4
K21D15R,67.2246997,9
K21D15S,43.3220011,8
K21D17G,61.7894441,5
K21GC2U,60.3870548,5
K21L37L,55.7382966,7
K21TG5H,39.4010109,7
K22A09Z,52.1484858,3
K22F06R,44.061355,3
K22F12K,47.3624228,7
K22G03Y,42.0691515,6
K22G06V,133.2615254,5
K22L02V,31.0925805,11
K22O15U,30.2896629,5
