Packed MPC designation,Semimajor axis au barycentric,Eccentricity barycentric,Inclination ecliptic J2000 barycentric degrees,Longitude of ascending node ecliptic J2000 barycentric degrees,Argument of perihelion ecliptic J2000 barycentric degrees,Mean anomaly ecliptic J2000 barycentric degrees,Epoch JD,Barycentric element source
15788,39.31565615319556,0.3197373282854018,1.937427241909267,354.8328976591335,79.15643796992453,359.799675133838,2459864.5,JPL Horizons via Astroquery
15789,39.5265588715507,0.185679641206322,5.156773053667584,354.6510322908849,316.9879765618514,75.10230570591092,2459864.5,JPL Horizons via Astroquery
15810,39.35345596377566,0.1170046393932135,3.803154214443359,144.7522787051178,102.0850195863364,38.90529724650344,2459864.5,JPL Horizons via Astroquery
15820,39.45536537443616,0.3164954763015314,12.13724266170923,317.3899617741143,98.98870607388383,5.415680237606453,2459864.5,JPL Horizons via Astroquery
15875,39.3823454856192,0.3306001219335512,5.691537898969721,316.7695678094425,75.26836630753267,32.70933938880903,2459864.5,JPL Horizons via Astroquery
19299,39.56812399615337,0.2577803426602189,4.737228567885482,15.9634170258337,30.15280562753287,16.81925208494367,2459864.5,JPL Horizons via Astroquery
20108,39.453547626203,0.1461181469800575,19.55650401585795,188.0094702778027,142.8896232589795,68.70005610618088,2459864.5,JPL Horizons via Astroquery
24952,39.35422697539147,0.2260389060407137,16.56355402460823,346.8322528107002,82.06453411522128,347.4598406960945,2459864.5,JPL Horizons via Astroquery
28978,39.4982207764374,0.2440565642266829,19.63019996323611,71.03051414328063,299.8566325312107,290.4691614725475,2459864.5,JPL Horizons via Astroquery
32929,39.63609340957573,0.2630345154345878,4.834061365603999,342.0591936948585,25.15435469932927,23.65695152635613,2459864.5,JPL Horizons via Astroquery
33340,39.24946131015667,0.2518428239795497,3.037539686028667,127.9566241999221,324.265162313039,12.96173087505225,2459864.5,JPL Horizons via Astroquery
38628,39.41336926145559,0.2760797803353605,15.47375134614917,169.3231716209135,67.88192614720658,11.15230774292359,2459864.5,JPL Horizons via Astroquery
47171,39.40570449279011,0.224525803631797,8.415316080565056,97.10431533220074,295.0009890664015,10.82641057535383,2459864.5,JPL Horizons via Astroquery
47932,39.34077931145769,0.2810061335368739,10.81464187813426,26.0967530743166,195.149630613784,18.58163170838624,2459864.5,JPL Horizons via Astroquery
55638,39.29461445262815,0.2880356837511057,16.32717316589253,199.8024914584579,206.9808330003099,30.77491706429422,2459864.5,JPL Horizons via Astroquery
69986,39.43645457951839,0.2249705468203254,13.93293552838853,233.9768525265595,146.3078511396883,52.85960620662068,2459864.5,JPL Horizons via Astroquery
69990,39.23247477562897,0.1863692323337797,6.577897022250062,237.1633964144308,141.6604649625508,56.10448007957073,2459864.5,JPL Horizons via Astroquery
84719,39.4341396831888,0.2644617468891063,14.01230183144535,23.08269138351102,288.3428607374581,82.62249499072125,2459864.5,JPL Horizons via Astroquery
84922,39.42252793394965,0.07586849947368057,14.79028152357895,302.7227951688675,112.5658029800705,26.90740061527174,2459864.5,JPL Horizons via Astroquery
90482,39.27890106200537,0.2238651206130642,20.5675340613188,268.5832361122878,73.01819992113305,184.3997039913695,2459864.5,JPL Horizons via Astroquery
91133,39.35420640545558,0.228098996511124,5.941859641235406,50.23944907664017,180.813112187839,34.93517338056058,2459864.5,JPL Horizons via Astroquery
91205,39.26467188536324,0.1323817266615931,10.60517574356959,223.8494419856569,140.8168482870262,69.48112304857104,2459864.5,JPL Horizons via Astroquery
B8228,39.3914319246654,0.1216178100803443,14.6636205249947,10.73215179024406,19.63270589543348,34.63626938866069,2459864.5,JPL Horizons via Astroquery
B9069,39.1250572413159,0.2406418035265016,2.36064450415274,45.37039771783893,280.5123404440309,327.134209611511,2459864.5,JPL Horizons via Astroquery
B9473,39.58870933558963,0.285353789451406,3.671833972850259,36.37456680443714,47.44310014686472,352.096495224003,2459864.5,JPL Horizons via Astroquery
C0216,39.37381860817956,0.3150258143336395,29.28004987746906,25.7335276226972,204.5989962720694,6.613830752379013,2459864.5,JPL Horizons via Astroquery
C6155,39.41646764296262,0.2925070459870596,5.976812743921921,319.4558799254598,129.3500306014601,20.87073410403266,2459864.5,JPL Horizons via Astroquery
C9746,39.29048994702559,0.2680797870215805,1.474873031527511,171.5848539130286,34.82035093638351,15.35567863765676,2459864.5,JPL Horizons via Astroquery
D1318,39.34211622025828,0.1740452940334723,13.69820792812421,2.083384274495914,171.274099846066,37.33375388492571,2459864.5,JPL Horizons via Astroquery
D3067,39.55374893473402,0.2573471805398316,8.884077115385677,209.4932786084224,305.0164906663323,61.53367088453912,2459864.5,JPL Horizons via Astroquery
D4340,39.48878747466553,0.2490147410493204,17.14069762008786,110.3010040001693,113.7734318537601,47.91593496145616,2459864.5,JPL Horizons via Astroquery
D9775,39.34956604909603,0.1929270473510996,6.489576248539102,162.5356084022419,209.2175641214379,17.30265187784797,2459864.5,JPL Horizons via Astroquery
G8700,39.35335502706099,0.2305105663266518,4.991077769359874,154.7332669698103,49.80459140371575,27.98278132082175,2459864.5,JPL Horizons via Astroquery
G9071,39.28382079769669,0.19159054468032,5.637343773369423,287.5255425437053,336.1267213293195,347.7531163091078,2459864.5,JPL Horizons via Astroquery
K8996,39.4698129610794,0.1790370601354367,13.56476089506678,252.0296811091339,15.11606363938772,237.6480015123978,2459864.5,JPL Horizons via Astroquery
U6792,39.5019852169668,0.1564532570163381,15.61624031654929,248.4831591276727,64.78389455971553,335.4282521636255,2459864.5,JPL Horizons via Astroquery
U7463,39.14848565364755,0.2093330914256178,1.369448351009701,267.9007660939512,280.7573482028187,281.7971693149414,2459864.5,JPL Horizons via Astroquery
Y1520,39.21390993667032,0.2644240031279622,11.2822042466858,196.7032805001276,205.3467164582382,7.964539981845802,2459864.5,JPL Horizons via Astroquery
c5185,39.19886897451741,0.1970677198194615,3.714382959359595,170.3129184485882,188.4769080609108,36.79878708690096,2459864.5,JPL Horizons via Astroquery
c5445,39.42384892495885,0.1499908253974414,3.662727681289454,286.7611492570859,266.4204513786643,132.7333158021348,2459864.5,JPL Horizons via Astroquery
h8028,39.4094620224313,0.2794124184856736,3.134057451684356,226.1592256248459,300.9369495153971,34.5316524133221,2459864.5,JPL Horizons via Astroquery
i4745,39.34801756261666,0.1833533674203457,15.080522007072,207.4951282408245,122.8364893860287,302.2801439971533,2459864.5,JPL Horizons via Astroquery
j0265,39.18586378856334,0.2555050367068406,4.145543687090217,10.37794189188786,100.5314397431047,1.637712137597473,2459864.5,JPL Horizons via Astroquery
j5502,39.23130125621623,0.2230769097166073,12.0445235019561,136.030553112021,145.4717922310341,118.1536452137181,2459864.5,JPL Horizons via Astroquery
j6826,39.32870464799097,0.2763273674557052,28.53926534014921,96.35138334816811,312.7618387675039,23.15518223726624,2459864.5,JPL Horizons via Astroquery
k9362,39.55585103897437,0.2825394674359046,17.51826303810599,223.005986770939,52.91840557865413,357.4114031358493,2459864.5,JPL Horizons via Astroquery
k9372,39.37665392263048,0.111140896775274,22.35176556570066,164.1841440648396,42.19027056728142,163.1492993892697,2459864.5,JPL Horizons via Astroquery
k9421,39.39072934615054,0.1100593332487571,18.09944306565327,106.6790005829301,110.4286203360604,290.987191241059,2459864.5,JPL Horizons via Astroquery
k9506,39.50396863160083,0.2148253286570019,1.911079824192646,91.73083544392755,170.3897916171705,355.4844969055222,2459864.5,JPL Horizons via Astroquery
k9704,39.43281642866302,0.1501781990615577,1.773806168278435,24.40608805239404,212.4217941874593,343.6808954571167,2459864.5,JPL Horizons via Astroquery
k9707,39.42920244138042,0.23557286147318,14.68639076632891,217.0790034137712,349.2488235727093,28.62872335519144,2459864.5,JPL Horizons via Astroquery
k9708,39.32909771384181,0.3246142374400422,18.25094416307446,205.4028655568267,85.90193639983308,346.5231720054766,2459864.5,JPL Horizons via Astroquery
k9987,39.43860508598161,0.3024338566137636,12.45023611005971,222.563158415494,102.2106030821942,318.4625922337279,2459864.5,JPL Horizons via Astroquery
n1767,39.48942103859368,0.07697295406158094,30.12523206006225,65.51286350182883,314.6481314714073,23.96869506044478,2459864.5,JPL Horizons via Astroquery
o0833,39.37189620337839,0.1037139702307849,6.942088130642174,204.4358433598272,352.2121790364242,26.61502880500847,2459864.5,JPL Horizons via Astroquery
o0834,39.1701756620552,0.1785266810799931,9.878226540890811,44.98990302236672,12.12746565856938,167.4219829926697,2459864.5,JPL Horizons via Astroquery
o0883,39.37059659437321,0.2554219250663016,19.81497726486617,214.8933228355997,273.8804002134524,98.45389062870161,2459864.5,JPL Horizons via Astroquery
o0884,39.41571520142817,0.2565622114070812,20.04630014360207,83.10186461670912,186.4089826435638,356.6639562813949,2459864.5,JPL Horizons via Astroquery
o0885,39.29280627656139,0.2310079562793694,7.250616578554151,145.7157303606978,25.42172871320254,62.06199241295309,2459864.5,JPL Horizons via Astroquery
o3858,39.40231349051943,0.2842873496287762,11.94155976463588,228.8730923138756,346.0669785028651,43.58438789074788,2459864.5,JPL Horizons via Astroquery
o4555,39.40631067419773,0.2425387496116139,18.79736214309414,158.7517815707225,172.7673376591198,47.53630884422527,2459864.5,JPL Horizons via Astroquery
o8823,39.33653180257271,0.2962292477733178,19.24553297773554,20.56383018594529,240.0034903564469,109.6042120585028,2459864.5,JPL Horizons via Astroquery
q3618,39.39438977827253,0.2292688193973959,12.92549025108447,82.24251834823747,275.5746430177488,37.46249784797943,2459864.5,JPL Horizons via Astroquery
q3644,39.44959183693266,0.2855282605623067,22.30489787481859,170.5586735426549,292.3382110155728,351.5136231662811,2459864.5,JPL Horizons via Astroquery
q3655,39.62101521821282,0.1925395003630002,9.533705721063003,12.79050294941015,120.74481983255,352.6050492688137,2459864.5,JPL Horizons via Astroquery
q3697,39.36434913297008,0.2931937555120647,16.18754665702126,137.2901728641507,22.03846499512193,41.75891057944863,2459864.5,JPL Horizons via Astroquery
q3700,39.46589458017367,0.3880458009756024,54.24974260096532,159.8811415388429,72.47583329138637,26.08587282770202,2459864.5,JPL Horizons via Astroquery
q3701,39.29017445587795,0.2409836531167057,14.4572071737177,73.51072871311756,172.7210503412684,358.9806526518872,2459864.5,JPL Horizons via Astroquery
q3703,39.58172211557266,0.2265848788190396,14.74717478310719,109.8299211118383,132.577007485532,1.748061717498008,2459864.5,JPL Horizons via Astroquery
q3704,39.42930723769546,0.2416247685365638,8.985871957607515,39.68141930073357,186.4026875428927,4.319278106055042,2459864.5,JPL Horizons via Astroquery
q3715,39.5992283071738,0.1386678036230012,6.188206699296135,61.98920113036238,102.1222365831061,55.32678109154846,2459864.5,JPL Horizons via Astroquery
q3717,39.37224165208217,0.1996828312660658,9.665830864434074,96.27667894989439,91.82074551438481,52.01207481231349,2459864.5,JPL Horizons via Astroquery
q3751,39.54866877176944,0.2256023289627097,15.2624967303376,167.1616682947489,265.936537003058,4.040194068877031,2459864.5,JPL Horizons via Astroquery
q3760,39.34032557818036,0.1415861505439601,9.814125966361626,40.66305327912868,208.6276842407009,232.7423653256998,2459864.5,JPL Horizons via Astroquery
q3764,39.48934065721394,0.2517738623561208,19.53703427019272,194.4773032344815,288.8623040715128,346.7937098986167,2459864.5,JPL Horizons via Astroquery
q3766,39.42027505234385,0.2234995322988933,26.06511587849615,197.1136682808427,197.4044809738137,24.63245326883758,2459864.5,JPL Horizons via Astroquery
q3768,39.50429467878916,0.15798721504099,22.86552353150497,334.5071595984401,17.09688874096725,155.4776389676112,2459864.5,JPL Horizons via Astroquery
q4216,39.43203281276801,0.1493708813711238,6.511651014527482,209.2142016105795,18.88527211601044,163.0313905750841,2459864.5,JPL Horizons via Astroquery
q4460,39.28150348764771,0.1750591920209683,2.783057900946576,44.32003015260449,53.23703795647276,135.9569705862383,2459864.5,JPL Horizons via Astroquery
q5258,39.31467364672786,0.2112288118042912,12.84164135888679,26.60990354808293,272.0488259079742,84.90436878620612,2459864.5,JPL Horizons via Astroquery
q9938,39.45363156052901,0.1669365049075795,5.620420520552514,44.83682318486572,30.94760405144737,340.1308873532148,2459864.5,JPL Horizons via Astroquery
r0838,39.26603631647174,0.2716898968080134,4.65276948531621,289.1658315651159,88.3821942673547,22.71884678560324,2459864.5,JPL Horizons via Astroquery
r1077,39.44572589460633,0.1888267560919973,9.695450576910844,48.45804121781256,42.56798588865813,95.6422050940718,2459864.5,JPL Horizons via Astroquery
r2092,39.52497463320633,0.1220973389789326,20.79363589525686,185.2999691836582,341.305505260676,73.87664694696808,2459864.5,JPL Horizons via Astroquery
r3209,39.29583198979418,0.292911364420173,10.29339165009295,39.93776654904797,356.5630027118727,141.2488932883298,2459864.5,JPL Horizons via Astroquery
r3562,39.40116115077802,0.217630961761957,7.982452515533138,109.7990801928711,96.79218514221168,27.56656284108268,2459864.5,JPL Horizons via Astroquery
r4161,39.28489447738173,0.1931997498323821,9.671881676105727,117.5875584044016,337.095612131044,348.6066846437191,2459864.5,JPL Horizons via Astroquery
r4315,39.46817101327899,0.2897129086386788,9.396074402046734,59.89424732144935,315.8310638267182,16.1922608022801,2459864.5,JPL Horizons via Astroquery
r5024,39.33386555794588,0.3444997960765064,26.41081979112319,51.84532477705029,65.7396440999233,329.8223205613953,2459864.5,JPL Horizons via Astroquery
r5029,39.21440735907023,0.2141655494254203,17.4846549195939,167.465884964617,177.4230456231619,70.92625618829328,2459864.5,JPL Horizons via Astroquery
r5032,39.48424421783473,0.1781421759508988,8.214533651579893,73.96217533720274,299.7543247440465,46.40891595267686,2459864.5,JPL Horizons via Astroquery
r5167,39.40523891194383,0.1911960200230394,7.333806813137704,223.826722177302,173.8337325637725,19.54083744301603,2459864.5,JPL Horizons via Astroquery
r5168,39.43278543133876,0.1752780364610778,4.760637061437214,258.3880137363036,228.2337202994926,329.8842380374299,2459864.5,JPL Horizons via Astroquery
r5229,39.40132147649052,0.1966701006767228,19.06372668037828,303.8080749333669,108.1306057304289,46.83981214602019,2459864.5,JPL Horizons via Astroquery
r5231,39.47263495019953,0.198237284675024,7.281478535750739,12.35878709973062,47.91402101839563,54.80750074444713,2459864.5,JPL Horizons via Astroquery
s3435,39.24766739192912,0.2572995065446407,20.16827364656823,67.33008296681294,131.4173830235065,21.57392357415882,2459864.5,JPL Horizons via Astroquery
s7616,39.45030476478912,0.2623072085698542,17.59295190074123,199.5516402951168,235.5062106552545,342.7405945488006,2459864.5,JPL Horizons via Astroquery
t2679,39.39892698207694,0.2398105753588853,12.24066263971421,129.1756571310312,164.1429949483099,325.218219856586,2459864.5,JPL Horizons via Astroquery
t5758,39.41844605800507,0.2575388238183589,24.16297582125297,201.966225991617,35.49711767504884,355.9619509735686,2459864.5,JPL Horizons via Astroquery
t5916,39.38149579221886,0.2862945728244539,26.11343504862607,204.2235084886387,57.5012185253772,349.3577832146378,2459864.5,JPL Horizons via Astroquery
t6067,39.37733062985957,0.1980950526324715,19.98948256894174,157.0118907463424,153.3018233119817,319.4436131893045,2459864.5,JPL Horizons via Astroquery
t6068,39.34727423456761,0.09229318895339875,15.38531683896084,119.1565727787844,299.2008602311613,253.3700339953931,2459864.5,JPL Horizons via Astroquery
t6130,39.32127784329735,0.258770122988857,16.81624255026856,160.4981400270622,129.4844570442619,332.2715823611084,2459864.5,JPL Horizons via Astroquery
u0039,39.40720027924498,0.3285552651253098,24.02190863472914,152.0289204779967,97.61287639530504,349.7014419814433,2459864.5,JPL Horizons via Astroquery
v5713,39.51272486957207,0.1785304202144406,13.49673717910511,19.79456999981855,109.1028815111355,297.6333226479377,2459864.5,JPL Horizons via Astroquery
v6257,39.31433236061451,0.2890539841796277,29.06677965562021,185.1034051741395,75.09392304141002,0.1201108989939789,2459864.5,JPL Horizons via Astroquery
v8834,39.57614746337147,0.1896325760007924,8.84504075603633,331.618413374126,233.8835568122248,20.15186227866229,2459864.5,JPL Horizons via Astroquery
v8992,39.37995648721159,0.2789492535873249,6.191109786988336,129.3749608344809,118.586465836136,0.7101754657565716,2459864.5,JPL Horizons via Astroquery
v8993,39.43144433820357,0.07511428895816678,19.38964048934878,146.2505858500278,320.7722618829791,209.7678741947595,2459864.5,JPL Horizons via Astroquery
v9246,39.24142185854146,0.2673369103049647,19.25132813904669,131.0798727667597,141.2177449463805,351.4192108816567,2459864.5,JPL Horizons via Astroquery
x1486,39.38188557567418,0.2804163696330021,10.36546013954467,129.4779682261959,285.5009149676902,355.7357639026281,2459864.5,JPL Horizons via Astroquery
x4994,39.45389573048799,0.2036955584807511,1.588015438504313,238.3275001001065,338.3127507533189,147.9113659741153,2459864.5,JPL Horizons via Astroquery
z2029,39.51049893118335,0.2517673525598269,4.813401147458916,186.6632500384279,60.20389221880624,2.119518954039587,2459864.5,JPL Horizons via Astroquery
z2045,39.52236074244573,0.1752950439114289,5.307035414494799,163.5397031980692,48.44154996605186,151.8181421779625,2459864.5,JPL Horizons via Astroquery
z2060,39.3252093626697,0.1886766372126648,8.785855122594109,194.8006504377975,34.62880099011287,11.70722901550273,2459864.5,JPL Horizons via Astroquery
z2088,39.42179292053675,0.2787645569769071,9.287248833355346,338.9724180680743,164.4901756752573,44.46013307662254,2459864.5,JPL Horizons via Astroquery
z2102,39.38307907820691,0.1387324898739348,11.46168253086495,137.5181051839423,94.85996475708613,157.7897041005413,2459864.5,JPL Horizons via Astroquery
z2158,39.17426435135584,0.1630291162411286,17.33549538574617,207.5498444569894,350.5594057922942,39.02369544490423,2459864.5,JPL Horizons via Astroquery
z2208,39.26315803800489,0.3012608298035226,12.90989037340963,219.4091808629256,232.6652230420381,12.68787675310586,2459864.5,JPL Horizons via Astroquery
z2218,39.53687957950178,0.1139047599244283,2.251704351237465,139.1524334730193,89.35209997310152,47.37215911225096,2459864.5,JPL Horizons via Astroquery
z2241,39.38091127002299,0.1089843416280302,6.711583018380638,129.4484059179799,169.350477401194,74.92667886012521,2459864.5,JPL Horizons via Astroquery
z2332,39.32164274441553,0.2428348477526394,5.666996595814324,1.743632919654464,155.3101313235579,316.4304498009972,2459864.5,JPL Horizons via Astroquery
z2351,39.48622682553707,0.1915693033264158,5.380986932950643,79.1156430719578,173.3954098767229,12.0657448595805,2459864.5,JPL Horizons via Astroquery
z2352,39.43772110962094,0.08906150603818076,1.801994177843455,225.5750404164287,336.9282156022012,39.59800494659376,2459864.5,JPL Horizons via Astroquery
z2533,39.30832776781318,0.1247408750109003,13.27049913675637,19.04375772647291,164.649615169381,290.6762960115625,2459864.5,JPL Horizons via Astroquery
z2547,39.38367678304941,0.1765888187461877,5.618211964257379,34.38447503338049,137.8547255566022,45.83860668449779,2459864.5,JPL Horizons via Astroquery
z2574,39.23739281470726,0.194280133826464,6.495125094621462,136.7820626423847,80.62093847589021,155.5584270356071,2459864.5,JPL Horizons via Astroquery
z2581,39.30310674110498,0.1334794124924229,9.53121856837054,157.4946996938008,100.7497863777018,110.3224078440973,2459864.5,JPL Horizons via Astroquery
z2621,39.42450570144514,0.1657982713461434,8.345295018169892,175.6465213326586,118.5232288660187,73.08008193871942,2459864.5,JPL Horizons via Astroquery
z2658,39.35785652465072,0.0908561659157789,27.93331428344887,251.387397890801,167.3552568437621,37.29332379509364,2459864.5,JPL Horizons via Astroquery
z2688,39.25938813771783,0.2945636338944199,17.54123818806163,210.9942048769825,255.7612299719482,355.6516367100204,2459864.5,JPL Horizons via Astroquery
z2772,39.54805508675948,0.2291087786545333,16.65087778493672,197.8917940040904,82.01048022975675,339.6207692878068,2459864.5,JPL Horizons via Astroquery
z2952,39.51326005734076,0.2388763088611611,10.32776415007161,357.1139403877172,252.6492234332036,333.4562633116859,2459864.5,JPL Horizons via Astroquery
z3620,39.2709724242422,0.2261326749673412,14.84101033290382,235.9194052983091,149.4480365252287,27.12697490096808,2459864.5,JPL Horizons via Astroquery
J98U43R,39.47425107436458,0.2203587974780556,8.764444935967035,53.88749620861125,18.87937753547608,11.44142765999596,2459864.5,JPL Horizons via Astroquery
J98W31S,39.36200501694499,0.2006022263004563,6.740831223804428,15.96650715687203,28.41152890290591,30.93563049473623,2459864.5,JPL Horizons via Astroquery
J98W31V,39.23804770427564,0.2710225635750781,5.723340214311227,58.53879851247979,273.7978358746735,76.05264950789633,2459864.5,JPL Horizons via Astroquery
J98W31Z,39.49927601414429,0.1675945426103215,14.60341471487357,50.56424832796519,352.3028571824406,44.53456253623129,2459864.5,JPL Horizons via Astroquery
K00CA5K,39.4122538990971,0.2326741838799959,8.137010795338322,326.5224860539361,352.3676924133036,201.6585649847956,2459864.5,JPL Horizons via Astroquery
K00F08B,39.2771934261465,0.2962330486569593,4.58443617216016,1.740003134470757,67.06066374982633,115.7641993439761,2459864.5,JPL Horizons via Astroquery
K00QM6H,39.51274732153448,0.1919856253382573,2.8021830993613,350.9770894827554,306.9876998811301,59.74655127977363,2459864.5,JPL Horizons via Astroquery
K01FH2U,39.34759116563933,0.2681548752414336,24.73439160858489,32.45553586299961,134.2319265842978,54.466893978101,2459864.5,JPL Horizons via Astroquery
K01K76Y,39.31198208316188,0.234232981510929,3.969498494641081,90.06867154640852,263.0568483514293,316.4122165592937,2459864.5,JPL Horizons via Astroquery
K01V71N,39.44195012364918,0.2461886981518858,18.65916057714162,70.44006535715873,1.363149373934213,21.86561434278428,2459864.5,JPL Horizons via Astroquery
K02CP1E,39.30477012113778,0.2666146585415098,9.293682691567179,342.5441455513884,215.0739574083705,10.10978279664894,2459864.5,JPL Horizons via Astroquery
K02G31W,39.32973736958684,0.242776045466307,2.646799028879018,227.1007762565063,197.9272538593405,110.6857486153968,2459864.5,JPL Horizons via Astroquery
K02G32E,39.29125822668156,0.2301914352840846,15.70069552812584,203.7422442067789,104.8291690720918,308.2168105865869,2459864.5,JPL Horizons via Astroquery
K02G32L,39.45494342141267,0.1255814033211551,7.077817770209148,11.09273821728301,192.5956734140117,26.98676738159706,2459864.5,JPL Horizons via Astroquery
K02G32R,39.53703182633604,0.275736977364159,3.320618801828103,206.9265165765305,342.8731586111186,39.85355675299417,2459864.5,JPL Horizons via Astroquery
K02GG6H,39.23590748533614,0.1948023698678391,8.660466171563456,10.78185499317072,219.0372459208354,4.273856329477344,2459864.5,JPL Horizons via Astroquery
K02TU1H,39.37394187955682,0.03782084444574454,1.541397729606764,93.44496451089756,232.1455687702721,89.92889673968513,2459864.5,JPL Horizons via Astroquery
K02VD0X,39.47411702042317,0.2224154077061437,1.320627139243682,296.9026223469928,105.8860914181484,22.10374832482741,2459864.5,JPL Horizons via Astroquery
K02VD8D,39.48994695579699,0.1472803508490104,2.783294660770861,315.1409118829081,39.42518196659786,61.32785542008526,2459864.5,JPL Horizons via Astroquery
K03FC7L,39.26172051126206,0.2354265754354618,3.494810184479225,314.2513504185143,56.07742373578453,168.6753257096096,2459864.5,JPL Horizons via Astroquery
K03H57A,39.41647519250422,0.1709917994698075,27.63414981391066,199.7113975400848,3.626474152732681,24.25139737502971,2459864.5,JPL Horizons via Astroquery
K03H57F,39.35186439158957,0.1930649381245962,1.422125772008367,48.13611433245968,123.1194488034311,47.19064530643286,2459864.5,JPL Horizons via Astroquery
K03SV7O,39.34643042320461,0.2754758543793478,6.563934317162173,187.3059598625681,112.0161728259163,65.35518483731664,2459864.5,JPL Horizons via Astroquery
K03UT2V,39.33626490806647,0.2153836942635556,10.97264982783108,235.6685110351492,121.9616792586292,68.43304366719896,2459864.5,JPL Horizons via Astroquery
K03WJ1A,39.32382261837951,0.2352510449839907,4.518733207586938,179.2277510474337,226.5935187765029,35.94050195557758,2459864.5,JPL Horizons via Astroquery
K03WJ3O,39.42595459803508,0.2440740380961101,6.629347316459526,112.920785066113,222.0855023367111,53.41370372355059,2459864.5,JPL Horizons via Astroquery
K04E95V,39.47390287961033,0.1853771497149633,12.27686457482335,192.1568404911524,255.3339092670452,122.3606839528513,2459864.5,JPL Horizons via Astroquery
K04E96J,39.53770785231072,0.239567201399788,9.340008716383979,18.71681886193526,232.4455945979094,345.4576903896898,2459864.5,JPL Horizons via Astroquery
K04FG4W,39.48456755438828,0.1566962504656045,9.122739468382584,197.9776721119845,2.205539014054377,25.48944978649715,2459864.5,JPL Horizons via Astroquery
K04H78X,39.40973060001627,0.1526755500033231,16.27196755552121,228.9580604536434,19.44688142524344,15.20739922945462,2459864.5,JPL Horizons via Astroquery
K04H78Y,39.2895233945133,0.1954499916956733,12.5836593953326,25.18200439265293,193.8893091219934,16.90973673698082,2459864.5,JPL Horizons via Astroquery
K04H78Z,39.57792087203065,0.1508470548566502,13.30947904614486,25.75631461004104,220.6739284738225,355.1503993657971,2459864.5,JPL Horizons via Astroquery
K04H79A,39.33689778716474,0.2450838622398725,22.69964381723947,203.2489124796682,262.6924669658347,97.41190043250921,2459864.5,JPL Horizons via Astroquery
K04H79B,39.25377882559941,0.2284927900538887,2.661252059361255,62.60264374981717,188.8227914596259,359.0323111613772,2459864.5,JPL Horizons via Astroquery
K04K19B,39.49043905249442,0.2190758403998398,17.15522970853408,43.97160610437858,286.3292541663524,309.3298963678114,2459864.5,JPL Horizons via Astroquery
K04K19C,39.25601174156495,0.2359932586911266,5.63672759155524,240.6005061507273,6.780658385941135,17.04786442963213,2459864.5,JPL Horizons via Astroquery
K04M08S,39.34950232052346,0.2967720763257179,12.24629023215618,288.3233768613849,345.1876155664606,32.48229490894653,2459864.5,JPL Horizons via Astroquery
K04U10S,39.53978892854085,0.2188821917242361,10.28802818032773,14.09782864599428,7.09015227899819,16.85447296862627,2459864.5,JPL Horizons via Astroquery
K04V75Z,39.4734327193211,0.1927405536903184,4.465565025234723,168.6953232644451,12.54270327781508,285.9293093797446,2459864.5,JPL Horizons via Astroquery
K04VD0V,39.44874273540825,0.1881298378012355,23.92274026411044,46.44998102992428,29.10090210820876,5.027458436663967,2459864.5,JPL Horizons via Astroquery
K04VD0X,39.45556802388091,0.2078919007126679,5.744971601678236,44.43152332302667,291.2833265817953,71.31028242945385,2459864.5,JPL Horizons via Astroquery
K04VD0Y,39.33755838171249,0.2760876448942143,10.20276175155453,222.3682505297417,180.7213645916842,25.71201594273512,2459864.5,JPL Horizons via Astroquery
K04VD0Z,39.55226366527341,0.2815080424507007,11.5818397294817,40.06949019067886,334.5526115630964,41.32831962972135,2459864.5,JPL Horizons via Astroquery
K05C81D,39.26080751548285,0.1516008315601913,21.34336881983671,317.8710530464093,2.030677128003683,201.340344433618,2459864.5,JPL Horizons via Astroquery
K05EV8X,39.53485021477199,0.2235188831361338,6.653248506546089,100.1706021128205,27.42526000958111,57.90629526881986,2459864.5,JPL Horizons via Astroquery
K05GI7A,39.36684761049375,0.2172435358909695,18.75176552496279,27.72512723330771,283.5066643464313,311.2467521901862,2459864.5,JPL Horizons via Astroquery
K05GI7F,39.42992173124095,0.2543864233859892,3.906692163967382,128.8939047700474,134.9230749937105,359.4857314170768,2459864.5,JPL Horizons via Astroquery
K05GL0V,39.23280361082902,0.1706657798350288,12.01384678647637,174.7705478958277,260.096763443417,119.6262643465646,2459864.5,JPL Horizons via Astroquery
K05TI9V,39.39813260899911,0.1881465931103292,34.39109409354428,246.2125554113152,185.5447159955007,22.68729370926992,2459864.5,JPL Horizons via Astroquery
K05VC3A,39.51444508594246,0.2515848148250929,1.514688167413761,39.76762804682748,317.3412309013199,66.74798367405548,2459864.5,JPL Horizons via Astroquery
K06HC2T,39.31895549704853,0.1608371810046877,7.208020302231486,171.6474931762212,317.9463348062366,97.84476030711971,2459864.5,JPL Horizons via Astroquery
K06TC1K,39.34639577445917,0.2498308680291018,27.24933104010836,174.221020656631,295.1628582781667,332.2516981980497,2459864.5,JPL Horizons via Astroquery
K06TD0P,39.25419627217753,0.2701055033790681,4.925818744429228,8.48961623699499,109.8451808242963,308.952813876485,2459864.5,JPL Horizons via Astroquery
K06WJ5S,39.38055634145576,0.2352688194059039,32.71436066962948,62.55700744031756,232.0440505895434,90.74180841524165,2459864.5,JPL Horizons via Astroquery
K07J45F,39.35234656745207,0.08689405654809118,11.01426713377301,176.2647168654514,342.4466727033142,94.1368891106444,2459864.5,JPL Horizons via Astroquery
K07Th1V,39.46996952480388,0.2330807993704857,1.805657612754354,44.38423619038235,2.632534807474685,12.27186479782595,2459864.5,JPL Horizons via Astroquery
K09DE3N,39.35609247659583,0.1976782728883257,10.56180521671559,95.04005027050938,129.1791131202159,353.1630402159735,2459864.5,JPL Horizons via Astroquery
K09J18Z,39.29458302695103,0.247105271633289,23.84861480438274,37.15885396386236,176.401649899905,359.1951975429947,2459864.5,JPL Horizons via Astroquery
K09J19E,39.45249512179914,0.3010645507872151,22.1762948633132,144.4018772786857,117.4160045238391,336.6488416354442,2459864.5,JPL Horizons via Astroquery
K09Y26T,39.35169165957664,0.1764931626512672,10.18413309947053,85.04743846430989,21.04309606588192,6.916142129207657,2459864.5,JPL Horizons via Astroquery
K10AF3V,39.40466635968507,0.2552278592008017,7.911829302230865,268.2257320155614,214.6514156137941,15.02781326600624,2459864.5,JPL Horizons via Astroquery
K10ED9L,39.33766741521529,0.06428504783907012,22.9928829936006,331.0898845002591,208.70681574314,38.7221834129139,2459864.5,JPL Horizons via Astroquery
K10LD6B,39.27343249639075,0.261821283372945,14.08125933876471,132.4896557256914,158.9017528288544,6.422724999264013,2459864.5,JPL Horizons via Astroquery
K10RJ0K,39.46130147921547,0.1944749599824839,6.635745901324799,340.2374683726485,214.0225965033239,185.7654765198802,2459864.5,JPL Horizons via Astroquery
K10S41B,39.47965463593782,0.2802872176329967,5.223052659869956,139.5508565755098,248.8472265260335,5.945955640280309,2459864.5,JPL Horizons via Astroquery
K10TI2J,39.64767880610705,0.2757986718646966,9.501331406532074,232.6540506840899,170.5440769956979,3.15841452987837,2459864.5,JPL Horizons via Astroquery
K10TI2N,39.60632097693173,0.145095455594059,13.30100778892029,27.45472236772117,282.6662945883853,73.85895732245422,2459864.5,JPL Horizons via Astroquery
K10TJ5S,39.45731681935824,0.1246177999479575,15.50295835543619,182.1157742322589,220.0957832174416,11.10484973595382,2459864.5,JPL Horizons via Astroquery
K11HA4N,39.39634630765747,0.2927984887135351,17.49141366168413,161.4256530531128,53.83295044383913,27.42399554278722,2459864.5,JPL Horizons via Astroquery
K11Uf0P,39.60156124137639,0.1750616902107016,2.732722815744284,241.7384818691793,179.2883941504099,355.6973666092198,2459864.5,JPL Horizons via Astroquery
K11Uf0Q,39.39512596804067,0.2635065245924137,3.245985893597647,10.81910835054397,335.4137083305272,43.16237915057955,2459864.5,JPL Horizons via Astroquery
K11Uf0R,39.40543968546131,0.2683356276311912,17.31951706415827,27.04920301111069,50.34934837613407,349.0572949384477,2459864.5,JPL Horizons via Astroquery
K11Uf0S,39.5101335766459,0.255551888122879,11.87572757259697,20.57727847427259,290.3945185903004,67.33963248519444,2459864.5,JPL Horizons via Astroquery
K11Uf0U,39.287767350659,0.2628471233569601,12.62258042950564,19.32896707183647,15.39277051465024,12.72012324527616,2459864.5,JPL Horizons via Astroquery
K11Uf0V,39.42433103199158,0.2593382173719799,4.308155015772981,332.1493439531728,30.0322752704278,31.64704044891205,2459864.5,JPL Horizons via Astroquery
K11Uf0W,39.59412240038366,0.218377412943711,10.75122759817321,17.91364327391142,285.455671168056,80.56438566245573,2459864.5,JPL Horizons via Astroquery
K11Uf0X,39.3999152306334,0.3278032506740979,17.47896170904345,223.961629849159,263.5204099776893,318.4880976124069,2459864.5,JPL Horizons via Astroquery
K11Uf0Z,39.52232685475915,0.1247697424520532,3.832770519336933,298.4588295298714,8.415567689947316,86.02278450215213,2459864.5,JPL Horizons via Astroquery
K11Uf1A,39.21837328585396,0.2444991553512497,8.645613578262731,237.9598428813254,167.5172145064863,7.455616481874708,2459864.5,JPL Horizons via Astroquery
K11Uf1D,39.2089133320679,0.2883412971695702,15.69882619118662,19.08011645738896,131.8930190474164,290.9084142428411,2459864.5,JPL Horizons via Astroquery
K12F87N,39.37061146211441,0.254281795503881,20.64409746373992,74.03165044513348,160.9155994083314,357.519302106012,2459864.5,JPL Horizons via Astroquery
K12TW4D,39.38636386045723,0.138634221548604,9.575924289751935,114.6105332118625,190.9688078835619,62.71693849605042,2459864.5,JPL Horizons via Astroquery
K12UH7G,39.30144337017825,0.2246920234498265,21.87712500431652,261.8696906600967,130.3918639205506,13.69831746636407,2459864.5,JPL Horizons via Astroquery
K12W37F,39.37708225462515,0.290299092403941,19.01283319647313,173.6169759971068,275.1477366971282,343.1015928939956,2459864.5,JPL Horizons via Astroquery
K12XF9W,39.48130164928329,0.208570624084902,20.97796773010877,146.5491228249916,273.9980611266124,20.82577027218657,2459864.5,JPL Horizons via Astroquery
K12Y12G,39.42846667645736,0.2145032527752584,30.91789562077493,114.4771626134542,30.11490120857642,323.9751851362491,2459864.5,JPL Horizons via Astroquery
K13CM3D,39.39075719362921,0.2250374285031088,5.276272104994798,73.59272167167644,260.7637715398947,185.1220256440535,2459864.5,JPL Horizons via Astroquery
K13F28D,39.64282602990872,0.1833779032396143,6.847895438540219,251.1911847012808,201.0827640970839,102.2027662263767,2459864.5,JPL Horizons via Astroquery
K13GD7E,39.3352364741931,0.2567554629039006,3.866193229982565,31.38634259121969,136.7950622181804,40.99717914774273,2459864.5,JPL Horizons via Astroquery
K13GD7F,39.56902322151833,0.157686725149702,14.67964547750764,35.78860813440075,101.7752175109592,73.53516686314303,2459864.5,JPL Horizons via Astroquery
K13GD7G,39.33495442918699,0.1354753077099644,2.391601714869761,96.06804691842778,73.98651866813259,47.49599885394718,2459864.5,JPL Horizons via Astroquery
K13GD7H,39.43818390966199,0.2280698000900807,13.46807272795538,35.74051016409818,152.5609926733773,30.6976742746963,2459864.5,JPL Horizons via Astroquery
K13GD7J,39.49551733097111,0.266670187268008,16.87309988792108,42.49130020374528,230.9169025191299,339.0726608417432,2459864.5,JPL Horizons via Astroquery
K13GD7L,39.26620961460095,0.2000521948960829,10.43942682470991,44.49318758659309,235.2187140701459,331.5649958124836,2459864.5,JPL Horizons via Astroquery
K13GF8N,39.36205926747122,0.2043903605321019,10.77910162884005,205.3935113322261,281.5341521192569,80.6923981835443,2459864.5,JPL Horizons via Astroquery
K13HF6W,39.59188607649384,0.24330164868771,9.93024053751227,125.9953692968805,35.12621419751284,50.57296227541224,2459864.5,JPL Horizons via Astroquery
K13J64Z,39.42075336058114,0.2326636097298702,10.12820335969003,117.1488188587015,130.4859380044258,6.413397907823362,2459864.5,JPL Horizons via Astroquery
K13J65A,39.51905156309154,0.1488097664845951,10.22288341441311,177.129450147666,45.8749485318469,24.07932124934741,2459864.5,JPL Horizons via Astroquery
K13J65B,39.40270638122549,0.1888545785892595,24.89765626303917,72.46286902805733,166.4352270608765,12.16651389504003,2459864.5,JPL Horizons via Astroquery
K13J65C,39.37201838438934,0.2943155389944307,16.40962809180111,87.17733439992969,127.3903832801387,25.0808893113133,2459864.5,JPL Horizons via Astroquery
K13J65D,39.37034167805491,0.09368468471722687,13.01506828633139,198.0378322553753,48.50314157942579,6.771445641901352,2459864.5,JPL Horizons via Astroquery
K13J65E,39.35329440639512,0.2782665175756124,8.048055072356057,113.8530368294176,66.18580064322506,47.8781905751197,2459864.5,JPL Horizons via Astroquery
K13J65F,39.38816832218505,0.1761651293639118,8.315693992996666,112.6802283753946,119.2366618052411,18.35438451068473,2459864.5,JPL Horizons via Astroquery
K13J65G,39.36494644596377,0.2493373822485177,15.93469472911198,85.23912061901667,174.6023275886768,0.4531166027924408,2459864.5,JPL Horizons via Astroquery
K13J65H,39.24887362890408,0.2862249900375288,7.553039771205099,160.6112921677091,117.6167871645086,352.4890524079713,2459864.5,JPL Horizons via Astroquery
K13M18R,39.40012491460379,0.3403047996490668,31.10590478403,168.2972267163785,116.4528227102236,344.1710190576757,2459864.5,JPL Horizons via Astroquery
K13P74X,39.57934767821522,0.152988037756633,7.833059146728349,43.12173543011384,126.9328144263688,182.7198151457778,2459864.5,JPL Horizons via Astroquery
K13R98D,39.44660470686186,0.232627166260052,19.54578387025026,144.8594372898058,104.8479515690233,135.8951093746564,2459864.5,JPL Horizons via Astroquery
K13RA9C,39.41667751165086,0.2790885804266816,43.51489702841247,32.81624720749441,318.8517180247075,27.23916958981359,2459864.5,JPL Horizons via Astroquery
K13RC4K,39.53850444089795,0.1855794318359568,7.057017521964633,92.47129064453026,208.5725164710535,70.36039984485636,2459864.5,JPL Horizons via Astroquery
K13RC4X,39.53821359625255,0.244146545154778,29.47628585040909,20.53772312539512,232.5146471766121,38.4381953393024,2459864.5,JPL Horizons via Astroquery
K13RF6F,39.38731804759821,0.2583083054311767,6.595926700120596,249.353265765681,307.2692121453935,139.0945766005827,2459864.5,JPL Horizons via Astroquery
K13RF6G,39.33654925161814,0.1735044989910732,5.372366113584541,205.5694539147118,331.1059948810782,179.9226662601591,2459864.5,JPL Horizons via Astroquery
K13RF6H,39.37762111835618,0.05656060258880815,9.0069909104052,185.9004241700067,119.495285710713,59.87302846076472,2459864.5,JPL Horizons via Astroquery
K13RF6Q,39.48174523605269,0.123887021258098,12.33004759121095,189.3381784903807,0.2489832671063797,177.3907720273556,2459864.5,JPL Horizons via Astroquery
K13RF7B,39.54986241173544,0.2278249772767438,8.709726125927903,76.97940563234651,213.423233171193,65.00934356407458,2459864.5,JPL Horizons via Astroquery
K13RF7C,39.24553597812435,0.2510112420561724,12.8179427517296,139.4157256145535,249.9666563068314,2.161109409707046,2459864.5,JPL Horizons via Astroquery
K13SA2O,39.35036249819391,0.2196014523312201,9.851193168397371,145.2200316820773,257.876406848953,0.05736326384174494,2459864.5,JPL Horizons via Astroquery
K13SA2P,39.3571134338269,0.1529936659543053,11.59987792899358,146.6872581303454,75.54980048841934,172.0646552182476,2459864.5,JPL Horizons via Astroquery
K13SB2U,39.28150989500016,0.2056060220349474,2.393623326464713,235.3314524913434,2.169154336594902,111.4232197252726,2459864.5,JPL Horizons via Astroquery
K13SB3F,39.34217446879863,0.02633560534920522,37.67472156682824,46.94719000635493,51.52557821156908,237.9313415804669,2459864.5,JPL Horizons via Astroquery
K13TH1Y,39.39980467331178,0.2430491295052276,24.95531946211645,58.80624355816284,247.6235853919707,60.62161450198564,2459864.5,JPL Horizons via Astroquery
K13TH2A,39.42489480204839,0.1837103521950825,14.5469953844894,173.6425381083181,237.4309249540014,342.3446899047674,2459864.5,JPL Horizons via Astroquery
K13TI7L,39.30533981841794,0.2024087367191143,18.84711398782287,25.08128206067197,348.2902312096089,10.86929700074138,2459864.5,JPL Horizons via Astroquery
K13TI7O,39.27754471352193,0.1893612625349109,9.163736431829735,82.35900827164579,333.7988149027773,350.4096727683857,2459864.5,JPL Horizons via Astroquery
K13TI7U,39.28096509195624,0.1605432958866326,14.88525355767802,84.37331390871461,290.7867724036759,19.38871244219935,2459864.5,JPL Horizons via Astroquery
K13TI8B,39.49916392728399,0.1602265914901893,14.93682272358888,91.57543493328177,310.7805819749227,3.140236196404671,2459864.5,JPL Horizons via Astroquery
K13TI8E,39.46242026859169,0.2308476661105046,9.370238023707932,109.6663928624231,292.724375033436,1.609340867483249,2459864.5,JPL Horizons via Astroquery
K13TM7R,39.63853927989537,0.1664473574953061,21.46749817400464,182.4195436872613,109.386308787357,91.3570350643058,2459864.5,JPL Horizons via Astroquery
K13TM7V,39.43876709085525,0.1837580332350717,6.917783173052801,109.0790142918946,326.5104062618349,325.5858574669801,2459864.5,JPL Horizons via Astroquery
K13TM8E,39.29995730836933,0.1714075416664071,9.87384265985056,97.64195632366587,82.14071167102668,200.3934206768023,2459864.5,JPL Horizons via Astroquery
K13TM9E,39.38264542429251,0.2037289030297976,3.963306787638206,129.3814131816669,214.6125049244195,29.51284525313254,2459864.5,JPL Horizons via Astroquery
K13TM9Q,39.43583616337051,0.162658920566736,5.577661467139041,30.68731002765475,257.0527744559424,73.78503482357084,2459864.5,JPL Horizons via Astroquery
K13U16X,39.22925209618216,0.2379650076754231,4.416027510519011,37.29035876224665,199.5882344989986,128.9131560976577,2459864.5,JPL Horizons via Astroquery
K13U17A,39.45309905842006,0.1503282165415355,1.978053402356286,30.2926187140273,303.4742003968086,43.51315778961141,2459864.5,JPL Horizons via Astroquery
K13U17F,39.43990104536181,0.2507388819248902,17.12343687996565,190.8637159928335,150.1585862370179,33.2556780419376,2459864.5,JPL Horizons via Astroquery
K13U17J,39.5199769465959,0.1849176959175581,6.81983032677686,36.72808753741408,359.3432388844305,358.8234415196172,2459864.5,JPL Horizons via Astroquery
K13U17V,39.4205499803466,0.1808945811568217,2.084820669023992,64.87233908265671,205.8110421699257,98.54055668337891,2459864.5,JPL Horizons via Astroquery
K13U17X,39.50934525354132,0.1374445335047576,3.02359857841142,29.88141769023074,179.4173384424957,175.8987921934313,2459864.5,JPL Horizons via Astroquery
K13U18W,39.33348741316237,0.2020627443254542,6.77709980913519,178.4685926381735,282.9064063076267,308.4102015746045,2459864.5,JPL Horizons via Astroquery
K13U31F,39.47441879977804,0.1979933693393214,32.05202298606377,178.0433386994322,177.0329976931753,32.39474284608743,2459864.5,JPL Horizons via Astroquery
K13V24F,39.40335999277903,0.3266832961277508,19.84708791734808,113.6688635531779,304.06023079828,14.78072405680594,2459864.5,JPL Horizons via Astroquery
K13V46N,39.39569674424917,0.2407064408906024,7.74634107672596,112.9226438293697,241.9276257481391,29.88987780498956,2459864.5,JPL Horizons via Astroquery
K13V46Q,39.28098831074641,0.2391998664324314,9.47069140540529,70.34138806385792,218.2179033937052,81.58565401298249,2459864.5,JPL Horizons via Astroquery
K13V46R,39.46048850517278,0.1503751487094377,13.80260098028141,87.42322108767661,225.6403325418384,71.98463067269621,2459864.5,JPL Horizons via Astroquery
K13V71Q,39.47033625471806,0.0720704665792847,9.31774456288682,121.3370695838385,166.7045242468087,107.8015811087111,2459864.5,JPL Horizons via Astroquery
K13V71R,39.39434484939014,0.2047314451136363,16.2018093401233,75.12250286547375,273.4534043108446,41.24518491179497,2459864.5,JPL Horizons via Astroquery
K13V71S,39.58196371848205,0.2140466537339014,13.62666724811238,111.8264568892831,278.2419103231819,17.80948409662592,2459864.5,JPL Horizons via Astroquery
K13V71T,39.37523392783644,0.2848591063433037,11.18939571638212,128.679134444317,330.9137565615232,335.8456368247621,2459864.5,JPL Horizons via Astroquery
K13V71Y,39.41139897437805,0.154273650872665,10.61050928418487,63.75906687736215,326.7941548916496,358.7482757099964,2459864.5,JPL Horizons via Astroquery
K13V72C,39.43738027140585,0.2521518848295681,13.33309070699199,103.4615402643936,332.6073067321799,344.3508387742574,2459864.5,JPL Horizons via Astroquery
K13V72F,39.36167572067964,0.09881245436091018,26.61535424175496,188.5443039267339,63.15958779303051,145.2228599726429,2459864.5,JPL Horizons via Astroquery
K13WC3J,39.49790414618642,0.2261831780372089,9.185591305852281,85.14213536235468,276.7955771104624,28.03539320572328,2459864.5,JPL Horizons via Astroquery
K14F62B,39.50169615792589,0.1837318230281743,6.040375680020788,187.798882171865,351.1156789683149,20.30954890395985,2459864.5,JPL Horizons via Astroquery
K14G54J,39.42803765903428,0.2732986591475661,17.26433891618076,233.058730120337,37.49108451011472,347.5186997715945,2459864.5,JPL Horizons via Astroquery
K14G54K,39.43056690541412,0.32579759253848,24.01315431534935,234.1522191835996,12.86184226318496,0.8114990503449228,2459864.5,JPL Horizons via Astroquery
K14HK0D,39.23896697379146,0.06296131548069342,14.84964337789471,67.85524803034889,83.23055899474477,74.12499521729733,2459864.5,JPL Horizons via Astroquery
K14J80O,39.11987085116915,0.2891144851986259,15.70614113915161,196.3997406076964,346.6335920524431,45.58647907407833,2459864.5,JPL Horizons via Astroquery
K14J80T,39.58635005180229,0.2179627622130275,14.49484910475908,146.109868035899,150.7363788807274,342.5775770571541,2459864.5,JPL Horizons via Astroquery
K14J92Q,39.36840072260959,0.3374033167576182,24.15878802518755,160.3898144761482,74.05773524554996,16.61647909217174,2459864.5,JPL Horizons via Astroquery
K14KA1X,39.55272961728026,0.2379815967676741,4.001925232880936,129.4741521279439,86.32846204811861,28.40273604920043,2459864.5,JPL Horizons via Astroquery
K14KA2C,39.30838105393313,0.2659116479566699,12.58119843335792,162.8493152359235,137.1543870141963,343.3933042975082,2459864.5,JPL Horizons via Astroquery
K14KA2D,39.44796833327297,0.2223394324507078,7.279944450245556,197.5366610413526,58.14395923342498,10.51045178431057,2459864.5,JPL Horizons via Astroquery
K14M70F,39.39804203073709,0.2445099613545399,4.757955352876535,125.9691745747154,184.5455309695933,321.846597861577,2459864.5,JPL Horizons via Astroquery
K14M70H,39.37831102821434,0.1714144436379112,3.284848177292253,97.63682456138997,89.83376631858053,147.2480874771162,2459864.5,JPL Horizons via Astroquery
K14N86T,39.46385440026429,0.1310846176555393,8.220024622914297,6.689541985188161,278.8705212463999,11.04507151712481,2459864.5,JPL Horizons via Astroquery
K14Od3V,39.2512720105475,0.1073711721276838,3.551298856967617,65.52305809941247,103.7965716518565,156.2223770137849,2459864.5,JPL Horizons via Astroquery
K14Qi1M,39.60709966095433,0.2798626800242263,18.26672726979002,96.05095920457309,312.8376751705449,4.782367059774915,2459864.5,JPL Horizons via Astroquery
K14Qp0T,39.50331219056917,0.2234415024698381,28.73225162122433,1.245588262893449,250.7006548312528,40.18311192908435,2459864.5,JPL Horizons via Astroquery
K14Qp0Z,39.37293232726575,0.2392612243184329,23.73789324237263,71.8177950949766,263.4817330088655,37.11243089876687,2459864.5,JPL Horizons via Astroquery
K14R74N,39.31951188734838,0.2875445807383588,24.36126816520573,115.2799526056277,317.7226604825865,348.252336674457,2459864.5,JPL Horizons via Astroquery
K14R86U,39.4953855083147,0.2195701868003026,30.21246841610655,138.0939083921833,127.7270155203938,109.2631778917317,2459864.5,JPL Horizons via Astroquery
K14R86W,39.27733763086163,0.2018620592182328,23.28854477273443,127.0462157744794,243.3006113464844,26.02164080548222,2459864.5,JPL Horizons via Astroquery
K14SZ0F,39.49220586805738,0.2440982870195423,9.817607602352918,38.04487802180122,142.096596318042,171.0649931976017,2459864.5,JPL Horizons via Astroquery
K14Sb3P,39.49538151263021,0.3230474287189135,24.45487156104458,158.8416166736747,311.9724478229687,321.3885326998147,2459864.5,JPL Horizons via Astroquery
K14Se4B,39.42552683718215,0.1051126938653027,21.84380231693854,135.1015014853563,200.5555098080386,56.80822070508451,2459864.5,JPL Horizons via Astroquery
K14Se4C,39.38879734678002,0.2436715998211808,26.69229129377767,158.0911229585761,276.685008051342,345.2962366611986,2459864.5,JPL Horizons via Astroquery
K14Se4J,39.13949875822502,0.2318943412097884,23.54397554026599,102.2522249948287,309.7372302445006,354.912344403205,2459864.5,JPL Horizons via Astroquery
K14TB5H,39.35967023512178,0.1567856151262275,8.074499122943283,172.4485862292636,222.2122782443078,359.5833282024565,2459864.5,JPL Horizons via Astroquery
K14TB5K,39.35834831052463,0.230354205211702,11.98321271173542,178.8020225453481,161.5803039067861,34.4336258705482,2459864.5,JPL Horizons via Astroquery
K14UM8F,39.54618492814959,0.2202307728538156,12.60146301273094,8.309528250769457,40.88205131933184,358.3373657718996,2459864.5,JPL Horizons via Astroquery
K14UM8M,39.30454523640092,0.2907299873808271,4.888837379713727,271.3889050157444,117.8695902071313,11.23842247582592,2459864.5,JPL Horizons via Astroquery
K14UM8O,39.56894172480162,0.1231851411511393,6.832130466761706,7.907563821158895,330.7237621303661,51.19466193924823,2459864.5,JPL Horizons via Astroquery
K14UM8U,39.61089092279408,0.2967782333108393,4.245460099453338,252.4485755197781,161.1801558544473,358.7128650093434,2459864.5,JPL Horizons via Astroquery
K14UM8V,39.48748974620113,0.2280510319296247,10.13453839267834,4.752550969336642,348.5790060157743,34.30161851617486,2459864.5,JPL Horizons via Astroquery
K14UM8Z,39.5719282364327,0.2130837711751356,2.648804884004652,308.8758238910699,122.7982455533349,344.118971385768,2459864.5,JPL Horizons via Astroquery
K14UM9B,39.5575860773717,0.2632099540198396,4.09163815389168,353.4250622519796,282.8231011862857,95.6725739534832,2459864.5,JPL Horizons via Astroquery
K14UM9O,39.44762942681723,0.1609840195123292,10.08674886939635,3.320032914433478,348.6313954487966,36.5277565456723,2459864.5,JPL Horizons via Astroquery
K14UM9T,39.44607258291423,0.1312305887965063,43.44930049678687,208.6536720378166,146.873349708817,33.03866610974089,2459864.5,JPL Horizons via Astroquery
K14UM9U,39.47519512382049,0.2170952613537646,6.861475974535188,232.0585892399453,182.0763079368184,352.7779639423705,2459864.5,JPL Horizons via Astroquery
K14UR6W,39.34651725766843,0.2882650534800464,13.35902231889833,128.0555002269334,210.3205378061825,37.69450103083215,2459864.5,JPL Horizons via Astroquery
K14UR7H,39.34453419503114,0.2872364593288974,7.793950032444077,147.2348453130116,82.37081106862026,151.2694238537069,2459864.5,JPL Horizons via Astroquery
K14Wo9C,39.51109613330057,0.2564156971916312,9.268911720883459,304.2858903975043,107.6849390859296,37.8214385381736,2459864.5,JPL Horizons via Astroquery
K14Wp0B,39.49882411054842,0.2323446249956018,12.62381380839486,82.42448901232694,318.9842155762743,30.11892324894868,2459864.5,JPL Horizons via Astroquery
K14Wp0E,39.47195616937041,0.3143876494775123,27.1262637038129,99.07161174354322,320.309716245851,12.92476581424902,2459864.5,JPL Horizons via Astroquery
K14Wp0O,39.37000204168458,0.1831278732514456,6.724328267459541,69.68557855353917,27.62184567792454,350.202318112253,2459864.5,JPL Horizons via Astroquery
K14Wp0R,39.35819167387414,0.2657979055446134,11.08756754781931,212.2513562043653,219.9031075270947,19.70831902877266,2459864.5,JPL Horizons via Astroquery
K14Wr6C,39.33854392793396,0.1962238892224424,22.43608846048269,88.48966548841426,259.2533815809173,48.5637744678143,2459864.5,JPL Horizons via Astroquery
K14Wr6D,39.41211456134688,0.248777177114691,16.60845598142521,68.26844910442824,329.3572057338784,359.4829737025523,2459864.5,JPL Horizons via Astroquery
K14Wy1X,39.59800175897674,0.1396179720051144,10.48070969778346,122.9619135449899,97.85301730977858,160.3626504606128,2459864.5,JPL Horizons via Astroquery
K14X54T,39.30962072674625,0.1987536603734636,37.78976023288372,62.02014221831046,133.3630554477392,161.0000785324228,2459864.5,JPL Horizons via Astroquery
K14Y72R,39.35152580755188,0.1440817622739755,26.78962276605839,88.7260284795997,125.8570962208008,155.101893361526,2459864.5,JPL Horizons via Astroquery
K15Bp9A,39.44338446187464,0.2167858830791984,2.814042794366082,152.7842096670636,44.12173113348407,16.18228208419282,2459864.5,JPL Horizons via Astroquery
K15FY5R,39.36726393997971,0.1356057612650698,13.58158484184395,98.34381277459437,13.31872624187748,81.7922720862271,2459864.5,JPL Horizons via Astroquery
K15G54F,39.32442423429778,0.2759643788668763,10.70894974009573,201.0444525251036,250.0524691170062,90.75319750852393,2459864.5,JPL Horizons via Astroquery
K15G54G,39.50424605545474,0.2626664313746652,0.8903049632203808,64.88376492034111,72.1454810369933,51.95045592921139,2459864.5,JPL Horizons via Astroquery
K15G54J,39.20509198234102,0.2001701616629569,19.1426349429715,25.14675965209728,33.13739103987921,142.3337838246389,2459864.5,JPL Horizons via Astroquery
K15G54K,39.50317913298709,0.313421532944627,30.52922913102104,204.7695558161595,57.82327570951001,339.5480108378139,2459864.5,JPL Horizons via Astroquery
K15G54L,39.50968515398377,0.2379506156187485,1.247146632566205,118.4531275984453,160.8155639373482,320.1378930885726,2459864.5,JPL Horizons via Astroquery
K15G54M,39.54075906081314,0.2342870795417975,9.138632737123215,206.2441278835223,260.4761612471593,82.24187983710704,2459864.5,JPL Horizons via Astroquery
K15G54N,39.55321610331535,0.1680632259845532,1.226408724776225,178.2407750416217,119.2261348294031,298.2441534384409,2459864.5,JPL Horizons via Astroquery
K15G54O,39.22253776295191,0.2732911930288813,10.20676814389349,32.25573096178568,275.0030093068983,301.1788741446846,2459864.5,JPL Horizons via Astroquery
K15G54P,39.3834769227886,0.294606002672203,10.90911551840551,33.28198714740741,97.5299771833545,55.78262061190703,2459864.5,JPL Horizons via Astroquery
K15G54Q,39.37220564834267,0.1775733913275303,10.72277309077542,191.6796535174888,227.5974632930939,138.6585077529778,2459864.5,JPL Horizons via Astroquery
K15G54R,39.27795982647942,0.2245578195704979,9.985946122424764,36.50772412225423,212.7664514280311,339.6990972431541,2459864.5,JPL Horizons via Astroquery
K15G54S,39.60460873784758,0.2376913750825603,3.575675917532486,138.5699650882763,42.2470079054172,23.02425857104726,2459864.5,JPL Horizons via Astroquery
K15G54T,39.23963788678495,0.1841441441617532,6.31219011037148,43.43880826544343,224.7656268725661,323.3217303881747,2459864.5,JPL Horizons via Astroquery
K15G54U,39.39446705389631,0.09912525461334777,5.581709670539243,46.74990112900591,25.86066613125919,133.4772564478735,2459864.5,JPL Horizons via Astroquery
K15G54V,39.54857989020631,0.2348984349043711,3.100948883718498,114.8424655790102,175.1153099625566,311.1729038534893,2459864.5,JPL Horizons via Astroquery
K15G54W,39.37843798080348,0.1850328680967721,3.393707871771393,104.0106689278438,147.475812011048,338.9781061767833,2459864.5,JPL Horizons via Astroquery
K15G54X,39.35292126063837,0.1600581885769455,13.51186365297595,36.1859730128086,174.9650550927102,6.776309458799615,2459864.5,JPL Horizons via Astroquery
K15G54Y,39.30199089662468,0.1185803710243441,3.572166274545049,70.32465856455754,109.0791592880564,31.79002590985464,2459864.5,JPL Horizons via Astroquery
K15G65R,39.29997186209499,0.2892492065167134,2.012271856015813,134.8148665792451,163.7195014549667,310.4820455308028,2459864.5,JPL Horizons via Astroquery
K15KH3C,39.37663369321986,0.1340689261875026,17.07265253716481,74.51760709807562,94.7348028866222,59.78808168908184,2459864.5,JPL Horizons via Astroquery
K15KH3D,39.46582950019381,0.2503544266276019,7.039319384438806,153.9741727262061,134.0821863690483,337.7698983599818,2459864.5,JPL Horizons via Astroquery
K15KH3E,39.35147925693138,0.2540874056469927,8.116886206728312,109.894027598091,250.5632975229105,271.8278958525167,2459864.5,JPL Horizons via Astroquery
K15KH3F,39.36110915986416,0.2571984418920636,15.33539379190407,80.60665799155815,156.5556687381713,9.318031509012771,2459864.5,JPL Horizons via Astroquery
K15KH3G,39.46543877530498,0.2816593473625801,7.146789527038222,171.6019897148263,99.58606118604759,351.7296319598877,2459864.5,JPL Horizons via Astroquery
K15KH3H,39.51142401547203,0.2867732380413862,9.708012989655316,193.7124347149521,9.859915689291485,29.02729676849318,2459864.5,JPL Horizons via Astroquery
K15KH3J,39.31641064477991,0.1090479049524182,11.10076599775864,101.2941610906549,47.92564775139665,81.99061293511109,2459864.5,JPL Horizons via Astroquery
K15KH3K,39.23142584783983,0.2556334350541,10.46031363984934,101.1761003881726,94.14984682311513,34.36611462945631,2459864.5,JPL Horizons via Astroquery
K15KH3L,39.43285351805994,0.3264690972954588,10.38021328610359,106.1121080178389,77.38466403966997,37.99624106701861,2459864.5,JPL Horizons via Astroquery
K15KH3M,39.47044825196519,0.2278977743103423,8.263928586965001,191.7056048797626,312.6441967928703,74.86874160269406,2459864.5,JPL Horizons via Astroquery
K15KH3N,39.557219020777,0.1932090742041273,7.982755096345042,94.07311159177586,147.4539025496225,6.182407345503552,2459864.5,JPL Horizons via Astroquery
K15KH3O,39.4647015438408,0.1941189642322224,13.04700087573543,79.40276583990669,143.8978986768822,18.39703762187496,2459864.5,JPL Horizons via Astroquery
K15KH3P,39.32199872952067,0.2228825425997527,7.331007409794235,103.5176972595955,94.34994511359464,35.74079844637331,2459864.5,JPL Horizons via Astroquery
K15KH3Q,39.3498032240252,0.2573624952903937,38.5568693836794,63.71789500574753,236.0543535934187,330.8387163210021,2459864.5,JPL Horizons via Astroquery
K15KH3R,39.30862808731664,0.1129428197589149,6.945316729475921,123.8370472624536,17.13728712368609,89.71471828047555,2459864.5,JPL Horizons via Astroquery
K15KH3S,39.34646074386544,0.1827922149018434,31.15153089420117,221.9799767467277,339.9618644237437,33.67519387543454,2459864.5,JPL Horizons via Astroquery
K15KH3T,39.59794131158439,0.2460785138941827,6.687351667878588,119.5671450682462,169.3864741330181,336.0556885582182,2459864.5,JPL Horizons via Astroquery
K15KH3U,39.41630826115887,0.2127019560419047,14.02924662909059,80.88465628089236,189.4260052295164,347.3107256665035,2459864.5,JPL Horizons via Astroquery
K15KH3V,39.53543403159611,0.174416573919175,6.735710848895498,170.1800946526465,38.21732341842206,30.06054527354985,2459864.5,JPL Horizons via Astroquery
K15KH3W,39.42365762115205,0.1985989044176911,19.5426096925453,73.64865863206927,111.4791283242143,45.18274611870716,2459864.5,JPL Horizons via Astroquery
K15KH8G,39.36518768595074,0.2770196447221893,27.49032483542936,69.45559562997866,112.3574031247693,42.26512653152995,2459864.5,JPL Horizons via Astroquery
K15KJ9M,39.47743037574507,0.1851904488943512,6.574701271661405,103.8380488302243,43.60657472262917,76.8915489618857,2459864.5,JPL Horizons via Astroquery
K15RR7R,39.38096723301743,0.2412180877363251,8.001514437054041,8.335226840730382,205.9722943821547,146.0916910705525,2459864.5,JPL Horizons via Astroquery
K15RR7S,39.41474206175775,0.1849109230384004,3.921125176896116,203.7435950657121,80.99680614036019,73.23688564308404,2459864.5,JPL Horizons via Astroquery
K15RR7T,39.56665126377639,0.1753092109330804,5.456965297907484,192.9958905043504,66.20992142000829,100.7083877443118,2459864.5,JPL Horizons via Astroquery
K15RR7U,39.33045887925412,0.249263329861978,16.27061118225691,193.8134364295702,188.8045914938987,1.526639991968721,2459864.5,JPL Horizons via Astroquery
K15RR7V,39.3194081936153,0.1648298805235663,5.771729101734877,342.5151297371022,264.935155377292,118.0339779962853,2459864.5,JPL Horizons via Astroquery
K15Ta1C,39.29374857058051,0.1114335779594876,5.718256147838755,130.9347217465255,103.4502184083389,146.6414618892214,2459864.5,JPL Horizons via Astroquery
K15Ta1P,39.39526477822977,0.1320037021857031,9.649459996941276,150.1589960919439,99.33544455011042,124.6720234080315,2459864.5,JPL Horizons via Astroquery
K15Te8Q,39.39514122488519,0.2677404616484421,14.24287897612921,2.856195109988493,358.8033527516533,28.78786086114518,2459864.5,JPL Horizons via Astroquery
K15VG4J,39.35955134248708,0.2042644578689742,6.35779282446449,57.29771746008841,207.8629744054941,137.9911304672812,2459864.5,JPL Horizons via Astroquery
K15VG4K,39.21521034445864,0.2468224502658594,1.966756466645297,186.0161651660366,255.6612616882822,350.3067177924357,2459864.5,JPL Horizons via Astroquery
K15VG4L,39.32068239952942,0.2376853949752906,11.59915426178301,220.434758806152,169.0855266315195,21.67522631929245,2459864.5,JPL Horizons via Astroquery
K15VG4M,39.23606390261379,0.2523989557724837,18.28647722853281,54.15249607275059,332.5105904803331,22.6100815643016,2459864.5,JPL Horizons via Astroquery
K15VG4N,39.44736938692342,0.2415290800023066,9.429904984504793,62.02880375145922,90.2422778637974,293.752090448376,2459864.5,JPL Horizons via Astroquery
K15VG4O,39.53311594800569,0.3013992103658615,14.16182234040221,58.15600353859931,356.3026362158001,6.687273265037781,2459864.5,JPL Horizons via Astroquery
K15VG4P,39.21917375620438,0.2526917058321145,5.295998975040192,223.6285233756491,126.7751992984623,49.23535691624875,2459864.5,JPL Horizons via Astroquery
K15VG4R,39.26721508303895,0.2061628393676064,1.65474895470412,100.1543516495415,317.4685702420265,7.18292353273883,2459864.5,JPL Horizons via Astroquery
K15VG4S,39.35651041327954,0.1539895317325389,20.7214184708455,228.7500469677025,237.359575256587,330.4521090820376,2459864.5,JPL Horizons via Astroquery
K15VG4U,39.51856325155406,0.1391655041919646,37.5002644497338,231.8057303374509,86.00651701467676,88.45264951785538,2459864.5,JPL Horizons via Astroquery
K15VG4V,39.50888705434228,0.08942095564157221,1.764841713207101,48.70554914213594,30.24128745871941,347.9152388289447,2459864.5,JPL Horizons via Astroquery
K15VG4W,39.43206822403969,0.1592782688290957,1.381425013356203,197.5703739574791,167.1274068598308,44.63703852870174,2459864.5,JPL Horizons via Astroquery
K15VG4X,39.26574215170314,0.3298207616036199,16.87242780468665,230.1815898403121,183.1546738319454,9.357336093336382,2459864.5,JPL Horizons via Astroquery
K15VG4Y,39.36177113710862,0.1846172121329339,1.284958004789807,166.3233004091696,233.8747046560854,17.83125785903242,2459864.5,JPL Horizons via Astroquery
K15VG4Z,39.43585231780887,0.2190093485130487,1.753720421610937,208.5552598436868,281.8507223306668,315.692729857579,2459864.5,JPL Horizons via Astroquery
K15VG5A,39.61310861868485,0.2817829084631953,14.16688530937174,225.0161474762642,118.1923602965536,50.98094841438782,2459864.5,JPL Horizons via Astroquery
K15VG5B,39.62829900891832,0.2040112772164501,2.647207465227306,119.1872637277499,250.5169767735529,37.48981384383648,2459864.5,JPL Horizons via Astroquery
K15VG5C,39.34942664665747,0.09946090069281631,13.35635680514733,232.2656907287549,154.2389485285813,29.98030212124609,2459864.5,JPL Horizons via Astroquery
K15VG5D,39.52142100579697,0.2233574337877547,12.00908965722527,50.60227642660819,103.7784005783858,292.1740240980096,2459864.5,JPL Horizons via Astroquery
K15VG5E,39.5710618805702,0.2132432119208304,0.626948328131081,61.75573171018563,300.5765054631292,42.5141868208424,2459864.5,JPL Horizons via Astroquery
K15VG5F,39.33047248876429,0.3455477068696267,23.48017433994789,228.2336325471771,285.568374505256,307.08980961887,2459864.5,JPL Horizons via Astroquery
K15VG5G,39.28907108521545,0.2169120181867771,10.24012463642707,218.8465376871129,211.7580327568577,357.2258759041488,2459864.5,JPL Horizons via Astroquery
K15VG5H,39.45748018249535,0.1540770185481264,13.67356281360274,56.14840924128934,6.7868984331004,0.7524121662175939,2459864.5,JPL Horizons via Astroquery
K15VG5J,39.21015689727351,0.1087786799492657,6.07457925297112,72.1330009558219,315.0915417419236,28.84822382505574,2459864.5,JPL Horizons via Astroquery
K15VG5K,39.55015077458827,0.253257998097799,3.124094514610944,174.8068395260553,219.4020024296134,19.2057005588478,2459864.5,JPL Horizons via Astroquery
K15VG5L,39.46007911097143,0.1587573737597682,22.6790434923199,223.6973053834044,196.9924815740338,2.920954403911593,2459864.5,JPL Horizons via Astroquery
K15VG5M,39.45526601991494,0.2067822170193842,7.213274377497047,76.31320280848163,11.78283939476378,344.9895694823549,2459864.5,JPL Horizons via Astroquery
K15VG5N,39.22233863240145,0.2286044285622345,3.949712221920798,97.8837395815575,315.8490542564825,8.065386053333812,2459864.5,JPL Horizons via Astroquery
K15VG5O,39.47359025745202,0.2102985296125221,10.01671033388468,58.43880712163602,50.36942505764952,329.7268661479931,2459864.5,JPL Horizons via Astroquery
K15VG5P,39.39550775782499,0.3352672547164913,15.12125397818502,225.3674940522019,268.3251601160426,323.0440511282547,2459864.5,JPL Horizons via Astroquery
K15VG5Q,39.25114138866614,0.279357698628404,19.10380195996689,224.4221687925747,289.2083532751562,298.7379051602587,2459864.5,JPL Horizons via Astroquery
K15VG5R,39.49892714669778,0.04633394532085088,12.72814731921052,61.04662107987677,305.4455215066127,49.51695725435606,2459864.5,JPL Horizons via Astroquery
K15VG5S,39.46805706393724,0.1846319456262721,3.071925358759612,120.3434970759073,187.0074048923706,90.88570564355423,2459864.5,JPL Horizons via Astroquery
K15VG5T,39.32748766875091,0.2779715742600947,13.55925831903883,214.6383593356649,165.3025351783574,26.56096063327007,2459864.5,JPL Horizons via Astroquery
K15VG5U,39.2272720050811,0.159551696859271,5.136153023962831,80.43905008684865,8.839911670450284,341.0110563225397,2459864.5,JPL Horizons via Astroquery
K15VI4Z,39.24449059575579,0.273029907857489,13.97468870932807,353.3330501916287,55.09864299361662,4.281806705992256,2459864.5,JPL Horizons via Astroquery
K15VK2O,39.26602961633618,0.2460447702559239,3.314886223408619,123.1989345984628,167.6739318212192,104.2317535521094,2459864.5,JPL Horizons via Astroquery
K16S55Y,39.35140504745928,0.1820551408798955,17.27343998098727,116.8618884637205,334.9347104864661,320.2494949629169,2459864.5,JPL Horizons via Astroquery
K16S57F,39.26470027287611,0.2110655513877695,16.90688585980099,93.49090968053805,203.9011649698912,77.16573803133231,2459864.5,JPL Horizons via Astroquery
K16T94S,39.33069093602024,0.1816839415754739,36.67766678764553,157.100731154618,184.8875920551938,48.11676826579249,2459864.5,JPL Horizons via Astroquery
K17O69F,39.43619116896303,0.2118259345705529,13.65862318164589,218.6843993294822,216.2656140803514,255.2501919050161,2459864.5,JPL Horizons via Astroquery
K17Y03K,39.48846406669333,0.2814351201751539,2.204839193355422,31.06504245679816,47.78224690684497,27.98040285177621,2459864.5,JPL Horizons via Astroquery
K20Q83H,39.23836427025596,0.2507625046875066,22.51475481547519,321.2463851478569,68.18011308085265,312.3575141189285,2459864.5,JPL Horizons via Astroquery
