resonant_des,ePh,qPh_au,tpPh_jd,WPh_deg,wPh_deg,iPh_deg
15788,0.3205587906893801,26.72671999761404,2459956.861238892,354.9364596034849,79.40649096927092,1.940080314933145
15789,0.1839792275948846,32.29071369101059,2441002.377523944,354.7200835350276,317.5535370977225,5.163893001350135
15810,0.1198447656485553,34.71395538332061,2450037.681089995,144.6878166589223,101.6465446874423,3.807830359719662
15820,0.3167469687559635,26.95786640244943,2458548.683885328,317.4938334656358,99.2528817010583,12.13904701617108
15875,0.3356748538924172,26.39169897315333,2451741.2427075603,316.8340986740104,75.78733648159977,5.688329978511034
19299,0.2576480346793268,29.37553692624976,2455686.666238858,16.0300254712394,30.56352541253217,4.743760599526558
20108,0.1441052501764178,33.74631844998208,2442685.7049269457,188.0365417400431,143.45675787609,19.57893631659422
24952,0.226646505433803,30.42225180830908,2463079.633940533,346.9171832381419,82.49111895832739,16.58836381895351
28978,0.2450327745952899,29.93786432545569,2477226.1986281862,71.03334785605702,298.9671028144506,19.61549559980639
32929,0.265301050531159,29.22854333134474,2453961.5381053747,342.1199638668126,25.6787007503238,4.838869621580531
33340,0.2533394838730265,29.36861039064557,2456712.130543979,127.9892121073223,324.7904476669161,3.034775667230008
38628,0.281740341910366,28.53431543701989,2457034.448027808,169.2318939763051,67.72555634712658,15.46402610701114
47171,0.2217423956012989,30.55482672525859,2457195.043325639,97.11866608234408,295.2870661325945,8.415022071801365
47932,0.2803634991771369,28.27668348704253,2455161.7596538845,26.09766426383249,194.7529939601814,10.81654346095372
55638,0.29188076676831,28.01122549366242,2452273.5824985304,199.8166008976407,207.6793700559423,16.32753291077993
69986,0.2232729601465169,30.5970870123832,2446634.729552614,233.9933439790283,146.661979994889,13.9465446416249
69990,0.18959249935551,32.00988077218819,2446141.6209475948,237.1217814541029,143.2304733047625,6.564680964434221
84719,0.2628600405908635,28.9947868084853,2439025.326494981,23.15428948719376,287.8688362148853,14.04078364738657
84922,0.0817816239833309,36.43986177750039,2453328.6566442624,302.7870048294241,113.4864207508484,14.77662163839831
90482,0.2180157282989784,30.86342102595004,2413450.6040919665,268.5747600490993,72.95516036825188,20.56455635133965
91133,0.2240585093588112,30.37271680015517,2451175.4652874595,50.25230727233334,181.1771407904464,5.955002596997174
91205,0.1336289118283465,34.17548941872031,2442914.8530300474,223.841456180644,142.9262385947323,10.59224385558581
B8228,0.1252598130160675,34.63946037210664,2451493.31218394,10.74688708874425,21.20510791796366,14.66579855945036
B9069,0.2423604342270319,29.65360154160951,2468039.444868662,45.4141993627299,280.7066508131202,2.363966758116698
B9473,0.2868255854975592,28.26312187744476,2461904.842475957,36.39157892920507,47.77814711332904,3.676486863851044
C0216,0.317201354096481,26.97918709987879,2458154.0202401774,25.71788411654549,204.1736209267511,29.25827335804986
C6155,0.2938486766146364,27.9066927559221,2454697.81299483,319.4956907775736,129.8619090096998,5.971845694677841
C9746,0.2744255757062149,28.75901295599946,2456026.3647114886,171.4988468672011,34.86106094439027,1.472953631394044
D1318,0.1792658256091382,32.49983546933249,2450625.8203853,2.02514029291386,171.8546936608058,13.67278968991873
D3067,0.2606133398406952,29.45639154769651,2444508.576069104,209.4325351241943,306.1774601263407,8.864605601141754
D4340,0.2484414327891792,29.79619193618613,2447936.172686219,110.30653548941,114.8867000885612,17.1247056489658
D9775,0.1904012809810204,31.75989994260485,2455579.4605914126,162.6068428263683,209.4379345612454,6.499303145747465
G8700,0.2369748974256129,30.28397877290701,2452834.449441362,154.6614854524599,49.69604135789875,4.986198266206597
G9071,0.1938564527410599,31.85728556493182,2462675.115275507,287.4416620482122,334.6725736080583,5.637991270063621
K8996,0.1784245068089003,32.5191542541513,2490420.2077296674,252.1104480127618,13.88332094807367,13.57911624458645
U6792,0.1553866852978295,33.42556980663016,2465881.507301335,248.4763901596721,63.67818353536168,15.61315192200187
U7463,0.2087556770360146,31.14808349944973,2479087.8246380617,267.9703866279569,279.1849259344268,1.363291219811443
Y1520,0.2622665418113307,28.83872135434176,2457928.620977627,196.7453561356176,205.6401859351971,11.30196407316949
c5185,0.1958626923664807,31.48554491388164,2450810.731083773,170.3385796620489,189.1044496072948,3.717125273548544
c5445,0.1529347923467732,33.31868501554025,2426543.637321743,286.8071125255245,265.8107008446533,3.668606006743639
h8028,0.276765979437028,28.39193028794867,2451174.124362689,226.1373422874393,300.8042422244824,3.137167545430188
i4745,0.1831463093158245,32.33147480260055,2474038.8678491963,207.4036888787341,121.0654686756755,15.04693022900051
j0265,0.2536334243728397,29.15988606035491,2459529.600044686,10.43786764677435,100.9757821772751,4.146495776538567
j5502,0.2230219738439315,30.40148067216246,2430280.318850009,136.1451825347172,144.6186985991845,12.04303331639624
j6826,0.2785498939187477,28.45439627057259,2454027.156855532,96.30924379603852,312.4434747593778,28.55895264044141
k9362,0.2818315103798511,28.39912138521557,2460470.511878031,222.9975955058664,52.54111916379341,17.51702181939514
k9372,0.1146824076987058,34.74759927154911,2419089.148304949,164.2296864483703,41.79938881752357,22.40115077330772
k9421,0.1125814613066187,35.09647229248748,2476784.743348703,106.6799408041511,108.665443100553,18.09499935947085
k9506,0.2142121329020096,31.04098832851706,2460921.365412683,91.71883916218844,169.8612502826477,1.911804195224203
k9704,0.1558531692357773,33.55227571918275,2463696.925537154,24.41992866063097,211.0111678824669,1.770573070601072
k9707,0.2412226101824956,30.14369834881684,2452729.108876876,217.0363662910736,349.575300757579,14.65927754921279
k9708,0.3264581259294001,26.61479518387816,2463158.953382838,205.3345911384631,85.29196431730574,18.22615345586565
k9987,0.3031860356652092,27.65866869058895,2470177.053436967,222.5133701950532,101.1283384126312,12.41984519676026
n1767,0.0762139669577499,36.46572122648322,2454160.1537620737,65.52851076809283,316.1714557743192,30.11599753457777
o0833,0.1059741574202063,35.26877652138685,2453014.794737015,204.4296863567904,351.297306876329,6.941629995872566
o0834,0.1787479528771712,32.19136665922091,2418442.7134338627,44.98570849224417,12.87689773325605,9.88126777175815
o0883,0.2565045858171527,29.39055378197609,2435339.314388132,214.8262351303341,274.8098638648491,19.77813533919423
o0884,0.2548911798564392,29.31698131720762,2460673.300165813,83.06941712394415,186.195798406556,20.07299976659232
o0885,0.23220416019612,30.14195643681022,2444305.405624892,145.6323588540206,25.01936691914123,7.252619052723449
o3858,0.2849487433059586,28.24774702455399,2449006.9500537314,228.8989229914347,346.6448854120934,11.94660699394183
o4555,0.2400784753875718,29.82784294359713,2447860.1154445275,158.8416873512119,172.2343007562839,18.82137408678541
o8823,0.2932963346432451,27.85661526475113,2432385.422079538,20.56078721361644,240.3670694998834,19.22969293332104
q3618,0.2271466424674561,30.38220769834869,2450483.129034721,82.2556683296879,275.7167400026278,12.92375223441926
q3644,0.2847801482351024,28.15540989855745,2462061.3192476863,170.659701733152,292.7233085510697,22.31378636421506
q3655,0.1948370109503275,31.96716305670571,2461814.518500786,12.91067766039683,121.1305088613723,9.53235508636987
q3697,0.2980565630277687,27.87443178527433,2449525.674134139,137.2279915924314,22.95041335555566,16.18232931832644
q3700,0.3864783285823561,24.14123430772979,2453284.486286941,159.8287926408625,72.31776723006536,54.26369825972358
q3701,0.2429439648041612,29.84539812928089,2460017.7548051467,73.49675339741582,172.0408463929073,14.46124843696406
q3703,0.2315261182127438,30.62864419011909,2459318.92846145,109.8018768204778,131.941118055748,14.74928072463704
q3704,0.2472562720126017,29.91279511666716,2458704.3512205533,39.68551066733161,185.8981078362636,8.971585356095465
q3715,0.1430027448255166,34.12347292492919,2446099.1493434776,62.00248558806832,103.1402579890288,6.183581659145417
q3717,0.2017235108794513,31.46191319363666,2446798.985219617,96.23635939036492,91.5606916485459,9.676709468906706
q3751,0.2258864545209021,30.61444053600529,2458930.675135959,167.2732011132389,266.3791964161875,15.2702923329671
q3760,0.1399074005065818,33.95433503877324,2491453.482988309,40.74561642528972,207.0055072852713,9.821568220062977
q3764,0.2560378954502798,29.53642559093868,2463158.8822324662,194.5486064192619,288.6655430537064,19.5453296494719
q3766,0.2230983652404571,30.62742512928556,2453758.422030793,197.1764375813883,197.8619192541527,26.09658547456835
q3768,0.15298312733258,33.62911243225552,2420658.4080676143,334.5359898741361,18.03255771247612,22.80189766168228
q4216,0.1481122731790377,33.597213451526,2418649.640111164,209.2193248959265,18.17196533336331,6.510160195716873
q4460,0.1767735204829093,32.34413054696741,2426078.52268511,44.31163633953062,53.69320363202704,2.781160348471193
q5258,0.2091314305338011,31.09079266677254,2438612.6877811197,26.62026527070211,272.2064495681233,12.85188393757459
q9938,0.1670263401544208,32.81705494462341,2464999.1031555603,44.82513348478155,31.77393125105651,5.626813006519678
r0838,0.2715536269761661,28.61275507394651,2454255.115007917,289.2770846624981,88.71929215857276,4.650301770097559
r1077,0.1898752967494516,32.12483789789512,2436090.801865831,48.4759998928419,44.06310971168342,9.689640771756173
r2092,0.125149406332123,34.78469312655489,2441684.1578930505,185.1786901345454,343.5708936740144,20.76713582367769
r3209,0.2890453943588207,28.0701238417805,2424557.1918594544,39.99561606053889,357.2861694058558,10.27682425669295
r3398,0.2467479655376828,31.03339425727288,2462567.672240076,128.4994041048357,148.7101185260087,15.76244345367448
r3562,0.2211905280792969,30.80937622151936,2452917.8125434527,109.7387788089272,96.60196136509654,7.987305111810151
r4161,0.196093070883771,31.66855652081698,2462749.9537963183,117.667428955139,337.3072475493209,9.663483104431684
r4315,0.2890216363697344,28.03745735544659,2455838.907549895,59.90327822810355,316.1753997137466,9.39487208343964
r5024,0.3453794036141368,25.71715194492655,2467446.0387543617,51.83521945299066,66.12466607874404,26.44631531072339
r5029,0.2128764380159696,30.93031936830276,2442286.760797278,167.5761302826086,178.1009480133602,17.48977778234167
r5032,0.1779392959526976,32.51517677747908,2448337.0977066485,73.97039573908607,300.6852598099928,8.211016521178907
r5167,0.1920614450931451,31.88299163504519,2455084.159098863,223.8337228934694,174.558090012745,7.33425505088105
r5168,0.1787643310865346,32.49958780580254,2467367.2700092583,258.4060286949098,227.9777264877059,4.755161794422722
r5229,0.1981095885859106,31.73095149319204,2448305.8405365893,303.8478515845837,109.2863906805572,19.0323885492824
r5231,0.2005890126562512,31.75426286385627,2446325.5392776723,12.45922521704339,49.33426402125018,7.276729295620711
s3435,0.2630287881175341,29.14720683232239,2454493.890319015,67.34486243358539,131.4238307336346,20.15529119973175
s7616,0.2629171213729498,29.05764319507184,2464261.767345013,199.5658838462409,235.9475707251085,17.61588618422709
t2679,0.2406099641984403,30.06791537365369,2468430.9779467434,129.0888923872415,163.053405862056,12.24140714961045
t5758,0.2615578304028987,29.29495029078157,2460774.006589355,201.9469512344569,34.79790330307644,24.12576604404245
t5915,0.1447488143297471,35.06696268565354,2459440.277675687,97.15601729853717,128.923106257991,14.5145980551663
t5916,0.290111820401367,28.14963871758316,2462428.7794581936,204.1842224997265,56.76984710809928,26.06783981772175
t6067,0.1990983808285489,31.70971201046433,2469797.2831178727,156.9078264298552,151.8796041448628,19.98343510561562
t6068,0.0896222625283876,35.84966769827894,2486739.9100479065,119.1485668697073,299.4519713669126,15.39143700665065
t6130,0.2601504419695829,29.23961485757635,2466663.4034125563,160.3906410702063,128.5580449201768,16.80275769699317
u0039,0.3339337498017905,26.49572450904128,2462364.397689712,151.9672223521322,97.00687173532596,24.00270142240324
v5713,0.1798298126891718,32.32505240507473,2475696.189366655,19.83355495895954,109.9690473155225,13.52842299727076
v6257,0.2929540636076764,27.96821960022329,2459764.403880192,185.0125469266632,74.64490974865619,29.03680143824466
v8834,0.1936585479169128,32.06227733100128,2454715.212713224,331.504997123388,233.6072381192821,8.837240358397713
v8992,0.2818040068640116,28.4146858521669,2459606.454957636,129.2972678944829,118.0693093520159,6.192323662692855
v8993,0.0746785909769085,36.47456337750626,2498095.3809629623,146.2072438956075,322.5500573701285,19.42166519593734
v9246,0.2712926627619488,28.78985788463412,2461889.8461130075,131.0291336294492,140.453024468907,19.25454313008985
x1486,0.2788219920368273,28.31553201042245,2460996.981697625,129.5640578634799,285.869381583965,10.36905477950362
x4994,0.2068560539343079,31.18428198883632,2422687.794251312,238.2716483504168,337.7212475412268,1.589648862729229
z2029,0.249517056424944,29.56884367736168,2459312.631536744,186.6901840647858,60.01773411617683,4.816804228404212
z2045,0.1697350306530886,33.00345197899474,2421607.978837354,163.5335453542267,49.75864844196613,5.290407828353179
z2060,0.190270082261258,31.94036775957614,2456764.7347658165,194.7874758933746,33.59254369845088,8.781424194004682
z2088,0.2806882270923965,28.39448440414436,2448682.3035911443,338.9369819765329,164.290336726244,9.280866405399587
z2102,0.1348764412329071,34.16882139136609,2420087.0218796902,137.5905390749297,94.80932147745588,11.46705065089525
z2158,0.1691135044444201,32.78901877165433,2450206.4255399653,207.5282666823123,350.7863256408533,17.30178823523764
z2208,0.3055588352044727,27.43980360431024,2456652.5102071757,219.3375578547653,232.3653331077371,12.89520764200687
z2218,0.1114781800135538,35.0465215144886,2447899.595584712,139.1972021140606,89.27389700345756,2.25053112513046
z2241,0.1104450106450313,35.23645621506581,2441643.8973172484,129.436166626865,172.2194615669597,6.709987592450553
z2332,0.245631368024679,29.85187109992097,2470589.9159705755,1.81661786082125,154.1438385373405,5.669079860270546
z2351,0.1890883150227782,31.92025841391734,2456780.9143779515,79.10475055027516,173.1148605867517,5.388140409645951
z2352,0.0914106876751947,35.88982122795691,2449757.395465406,225.5719133071532,336.1114791119832,1.803356659207969
z2533,0.1268772898410774,34.46185686538931,2476845.865804211,19.14377656454271,162.8886101928229,13.27858911214424
z2547,0.1740698835711134,32.40901270210732,2448270.9965540334,34.38656927280118,137.3050215543609,5.6284429152089
z2574,0.1956469548582651,31.48878359018731,2420964.194866036,136.9009495897131,79.76918676876595,6.504367466943842
z2581,0.1325618074192693,34.01859205173538,2432067.0132159158,157.5665100378421,99.66970540118469,9.548463471928187
z2621,0.1643126267024714,32.98730835796303,2441614.6507642893,175.6529465824541,119.2738572023009,8.346062312721333
z2658,0.0891384105194781,35.75920513118949,2450277.541315583,251.396509982169,166.1607059321412,27.98145928546412
z2688,0.29902903605702,27.68562952559527,2460942.6921446137,211.0179474147689,255.7359125206966,17.54574475752184
z2772,0.2295543300464296,30.55131616660858,2464887.474598325,197.8433348667236,81.22638004734307,16.63116731781787
z2952,0.2410192647823667,30.16792186340778,2466379.7686502333,357.0861834996655,251.4909668527768,10.30697190658302
z3620,0.2264772948583938,30.41525087913096,2453188.965490712,235.9266506473725,150.0757161451273,14.8381381534174
J98U43R,0.2194104754876599,30.75120314422105,2457084.945381422,53.8880699126798,19.4938310622246,8.776865913445212
J98W31S,0.1973385974637951,31.45991638662387,2452090.9866102724,16.01536111630223,28.21652871354707,6.748783773144989
J98W31V,0.2691095799281644,28.57053391641827,2440823.6020693663,58.53082948231337,273.3028336969492,5.733696822348929
J98W31Z,0.1710907517257905,32.91645105048392,2448880.947625418,50.56541169475996,353.5788362236101,14.59671547689424
K00CA5K,0.2345310519635671,30.11811706529381,2499666.0390053988,326.510659513094,352.7941411517548,8.153552579084359
K00F08B,0.2960336547944201,27.81336106351823,2431092.4956866773,1.711315107330657,68.19794981085684,4.569445886298532
K00QM6H,0.1900387972460033,31.87235700987811,2444655.623313791,351.0104480280529,306.0657899672061,2.809153545160776
K01FH2U,0.2700829533523593,28.75082191615297,2446181.315506922,32.44536119496261,133.8072940499621,24.75018527455861
K01K76Y,0.2326811415771745,30.0406821681425,2470912.2998544117,90.04041615138414,263.9241811007022,3.975668476650003
K01V71N,0.2433614989168409,29.72641249930457,2454393.506089244,70.44095464643497,1.501196300988801,18.69180629708557
K02CP1E,0.2638119681803446,28.82016412192041,2457355.537457649,342.5797141537532,215.1422317665268,9.307955588629158
K02G31W,0.2412916259532165,30.0310370759954,2432336.2530934853,227.1548525768938,199.3696603434265,2.644200138523258
K02G32E,0.2319101980479212,30.32857539892308,2472631.6000483786,203.7419789763204,103.7882217441318,15.67995468685764
K02G32L,0.1298111153837039,34.50173217592952,2452879.5140235405,11.06447465546908,191.5638281245134,7.064202741566418
K02G32R,0.276043359871129,28.5938507816953,2449758.918133705,206.9506966390891,342.4003069031163,3.323888632915419
K02GG6H,0.1971684792732517,31.60581325002505,2458674.4937304906,10.74034768111134,218.3157293902926,8.649085507092428
K02TU1H,0.0356121666197451,37.93425663682758,2437081.4127128366,93.44665891204748,231.3049260654706,1.541223947558782
K02VD0X,0.2196232509798129,30.68762916642386,2454364.52238682,296.9778162466108,106.1798531171557,1.320650350757962
K02VD8D,0.1462096517381772,33.61198258509644,2444225.905492371,315.0468033971098,38.40971596984573,2.783816785050498
K03FC7L,0.231702673688572,30.23770957116976,2417545.192913967,314.2826247484561,55.96574712353551,3.496809483135392
K03H57A,0.1723769270317853,32.68250895503073,2453906.750519784,199.7229553990568,4.351521767697377,27.6413693358216
K03H57F,0.1919403690754831,31.70739320474636,2447923.117964634,48.13420216078486,122.3624424546691,1.422712236760147
K03SV7O,0.277660495075664,28.46433933775341,2443510.438517332,187.3014424096149,111.9176916393381,6.568898132162335
K03UT2V,0.2172481302563444,30.80503023394695,2442721.2553723766,235.6677397051183,121.6965412288289,10.97825983248286
K03WJ1A,0.2334787359162054,30.05112132393671,2450802.192328741,179.2276580637623,226.1060472991278,4.519341068664742
K03WJ3O,0.2416460841360409,29.77123411222423,2446367.4516593344,112.9262893251896,221.5295598732385,6.629894523411589
K04E95V,0.1833051143213505,32.23991712479386,2428982.200699038,192.1766051123303,255.1991975011055,12.285849982658
K04E96J,0.243420727895446,30.15527626871879,2463334.155400642,18.73870898292155,231.1251146748169,9.3190358026702
K04FG4W,0.1555735437621859,33.30324050170705,2453554.631178204,197.9988234238009,2.767587975916994,9.13340424931219
K04H78X,0.1578009786844147,33.40871065774282,2455883.4124069186,228.9426680824342,18.55988366891596,16.24273968632436
K04H78Y,0.2019782521954254,31.61630070915524,2455597.3119071275,25.17958455673103,193.640546147933,12.55919415598532
K04H78Z,0.1559091237729447,33.65793656726515,2460806.090001345,25.75455044506127,219.180043428227,13.28051995860091
K04H79A,0.2446884759519427,29.89265670658507,2435655.0516616968,203.2393292966414,264.0865071181423,22.64356687250275
K04H79B,0.2332011882450206,30.34018628049366,2459931.737171099,62.64920382885203,187.65604329709,2.657815088488738
K04K19B,0.2175633599820178,31.0502526180055,2472470.804624694,43.9569718698727,285.0026753319704,17.11714376549948
K04K19C,0.2419257414625793,30.00399671014643,2455533.592156104,240.60386062874,6.259608566701367,5.62695255778134
K04M08S,0.2982734021101185,27.65973359824749,2451684.2342148465,288.3200860846838,344.7903219415618,12.2522868841444
K04U10S,0.220315746891038,30.89155257972436,2455710.882065159,14.11179230138434,7.685989126045714,10.29505785654854
K04V75Z,0.1942626699148466,31.69442681110436,2478614.718413328,168.7584149265205,13.45510212221707,4.467244926813104
K04VD0V,0.1927206051724347,32.02109309976112,2458650.9223043085,46.44485123181008,29.41759353376637,23.91093774981438
K04VD0X,0.2060873994943839,31.19455386779245,2441799.0850076373,44.42925109893863,290.4459380115389,5.757313490887812
K04VD0Y,0.2730652390606267,28.47161194010426,2453419.50214318,222.3779864649887,180.6232036615086,10.22216333667058
K04VD0Z,0.2792127918177843,28.39585741397609,2449382.5902818483,40.07935420000844,334.148644164142,11.60097628417136
K05C81D,0.1529639798348346,33.21378808101928,2499156.996832458,317.8793100213138,1.348350541201245,21.38010322502471
K05EV8X,0.227175761388507,30.70795581887371,2445377.504814026,100.0867714924298,28.09856489090474,6.654052506721294
K05GI7A,0.2185261566258045,30.95659770444728,2471856.462104254,27.71693148864689,282.0498428624823,18.71728397138559
K05GI7F,0.2522487014240867,29.40774918153336,2459975.3184757675,128.8412860396112,134.8073980136904,3.908408340990731
K05GL0V,0.1678722062967815,32.72104424782777,2430063.7761177216,174.7699153463607,260.7651212941003,12.00866197708744
K05TI9V,0.1846880584390664,31.97249253328535,2454108.0875126533,246.2817684095845,185.1319879400631,34.46354567981416
K05VC2Z,0.1845559475177637,33.8863835080338,2449999.0617575897,221.8722330834727,180.7304606674039,12.08113093701973
K05VC3A,0.2542968823268545,29.55020414781234,2443097.91692754,39.71124066506623,317.5776788741127,1.512636805447396
K06HC2T,0.1628684768734285,33.00360689580894,2435593.3406528067,171.5390517876072,318.9299544499533,7.201331854616487
K06TC1K,0.2479882734064092,29.48607101910139,2466898.875506274,174.2482832948752,295.6368626225972,27.26992366716493
K06TD0P,0.2711780841885656,28.53832145402776,2472658.201382542,8.530889729777956,110.4265153645008,4.937788628783609
K06WJ5S,0.2366740779203196,30.02940486215984,2437097.183058292,62.48569017911742,231.7442209959029,32.77315582629239
K07J45F,0.089062945904604,35.84475312654966,2436295.25022141,176.1699667164157,342.3045999453684,11.00987889826519
K07Th1V,0.231486228423266,30.26979007506425,2456845.485040715,44.38794030202957,3.073632976418663,1.808418591907219
K09DE3N,0.1974277619168437,31.53797481731877,2461678.341814363,95.11946847903774,129.7253096001258,10.56251829216797
K09J18Z,0.2527394436138553,29.60227199401794,2459976.106378193,37.18907273763494,175.7845583608787,23.81637855210843
K09J19E,0.3056275537660131,27.56231827832216,2465697.8757940647,144.4961058430705,117.1700484539791,22.18831880220113
K09Y26T,0.1792589681039213,32.40078162405177,2458250.0943228253,85.05560401715638,21.72169657433446,10.18589904764244
K10AF3V,0.2606931249410683,29.35420467314289,2456156.156613403,268.2132750719831,215.0805667709635,7.908080506061394
K10ED9L,0.0692657245083779,36.80878501294594,2450406.5098613454,330.9782274240126,209.7928356033195,22.96674610934256
K10LD6B,0.2682682177238093,28.99674104606965,2458215.439975881,132.5006575627579,158.5555390627451,14.06761457078599
K10RJ0K,0.1964186703390571,31.65277711676672,2413072.081367419,340.3274115722204,213.3957277906128,6.654004241523841
K10S41B,0.278350244349422,28.40549102216826,2458414.598928796,139.6380391007611,249.088044973435,5.227509901767657
K10TI2J,0.2767089576104015,28.69885149323399,2459120.000801332,232.6725555277193,170.9279951213315,9.4971347652642
K10TI2N,0.145125208367759,34.00791735620275,2441510.1416113502,27.45963140867265,284.5082937276733,13.28321042567827
K10TJ5S,0.1228894648355586,34.53772976302056,2457234.228817929,182.1994119127329,220.8452402286026,15.52847164649713
K10VM4X,0.2070317249307605,31.546782677753,2476186.863712212,153.0486635250643,1.476123091673386,15.55162770935101
K11HA4N,0.2952067507899043,27.84170255933974,2452959.013306272,161.3270801730026,53.67388534729982,17.48839110900729
K11Uf0P,0.1806881743775304,32.67626370549799,2460859.28098996,241.8106691878392,178.7332286242547,2.726115077645674
K11Uf0Q,0.2673989608671771,29.0710863682083,2449176.6020898805,10.80516606445414,336.363436241831,3.243712547911998
K11Uf0R,0.2733741572726983,28.85371324314612,2462519.850906404,27.04296809856287,49.77132531131669,17.29558935150489
K11Uf0S,0.2557217386424755,29.54785983240534,2443037.082479825,20.56780418291375,291.498235301912,11.86304607332706
K11Uf0U,0.2685345358892121,28.96249919543484,2456710.3713148427,19.31963580999599,15.56427253558046,12.60906453392293
K11Uf0V,0.2644633612006017,29.22648710306796,2452022.2146008257,332.1605329961433,30.70045411809057,4.308064163427828
K11Uf0W,0.2182114495919932,31.12176513500511,2439697.337725634,17.89265871103993,286.8931593647872,10.73638939711759
K11Uf0X,0.3294213932532365,26.59224518021356,2470174.485717866,223.9845125990331,262.5925912210498,17.44105148908109
K11Uf0Z,0.124890060973834,34.77939480088965,2438650.154595634,298.5538516611708,10.86696598333127,3.832068294006986
K11Uf1A,0.2503722762142621,29.63145377088802,2457993.3551806044,238.007245818429,167.3920930318942,8.62985052171532
K11Uf1D,0.2879384660056438,28.07445394251184,2476956.8226988604,19.05700818018851,130.8480470671295,15.67452364650959
K12F87N,0.2583745983595201,29.38513691054018,2460381.420462792,74.0310240411323,160.1992847489932,20.64134037634663
K12TW4D,0.1363674850297426,33.9438666254008,2444071.712641989,114.7161636615226,190.6245878555413,9.58059106809865
K12UH7G,0.2299092218451585,30.47256473477609,2456481.1025594114,261.9536398921104,130.5690835616193,21.85031818212397
K12W37F,0.291310723907395,27.90544787908794,2464139.9831121606,173.6959158336231,275.4232188155764,19.03778231010768
K12XF9W,0.2094528490495431,31.26190874366484,2454731.3942419183,146.6507405585209,274.5701173107083,20.96592224670551
K12Y12G,0.2172140014364534,30.93626177098644,2468881.808120199,114.5298858688476,30.01609264470708,30.88715505830546
K13CM3D,0.2193379976986979,30.89793612913425,2413179.7869921024,73.56217052805462,260.9981385799434,5.275441146239134
K13F28D,0.1845792248848236,32.45567087490145,2434222.2483825902,251.1324598712676,202.372280298498,6.853388339460538
K13GD7E,0.2586267784918649,29.19925155892468,2449573.4184762826,31.383760315493,136.5001349776152,3.865466433558047
K13GD7F,0.1598280331317653,33.26276510595075,2441291.378394396,35.78529990977529,101.5581861015389,14.68794214153424
K13GD7G,0.1371859296671892,33.95934240589842,2447874.9583436893,96.02093834105972,73.41026086863789,2.392798618944846
K13GD7H,0.2295350446413835,30.41735487529354,2452089.6790933586,35.73722732090495,152.1178796157882,13.47185617938667
K13GD7J,0.2652189506709262,29.00409534416211,2465106.791588618,42.48453788869095,230.6255470589165,16.88260787578092
K13GD7L,0.1982014170282245,31.45094292809912,2466944.768656192,44.48719218607516,234.9973985963803,10.44654433562491
K13GF8N,0.2067658911578172,31.2657677495687,2439707.522158304,205.3920989130839,281.644068285319,10.78174697918086
K13HF6W,0.2456731939357715,29.91988895892591,2447081.505714264,125.8947407819053,35.08625289838886,9.932026180365158
K13J64Z,0.2313920333325877,30.25507715840438,2458196.068539752,117.0694081683286,130.1595359097965,10.1364788200159
K13J65A,0.1478830219763332,33.62091398832816,2453647.752743711,177.1023593924524,45.09071105723145,10.22115005797369
K13J65B,0.1878710604452608,31.96036321570472,2456723.366308466,72.43985238747639,165.9165601718129,24.93089860047412
K13J65C,0.2946065129495891,27.76533065753637,2453532.05663069,87.13685241399826,127.0459116588871,16.42901399254228
K13J65D,0.0921831696187439,35.68744352236401,2457951.4778411,198.0341652079402,47.44500402970208,13.01565765658887
K13J65E,0.2792991009503518,28.35092238986193,2447834.0704517406,113.7758400760032,65.87427437420745,8.05607176134617
K13J65F,0.175438925780333,32.43990563619343,2455149.9678156474,112.6044939008611,118.6542731948392,8.324211948639109
K13J65G,0.2483396102536444,29.56341080598798,2459700.115980778,85.20366183549017,174.2569362625924,15.95321023424965
K13J65H,0.2842722337035046,28.02999061104127,2461727.0469310167,160.5587845471752,117.5238649940749,7.552459406815106
K13M18R,0.345280469905396,26.04373541584761,2463741.029025466,168.2331549378016,115.7321208521905,31.08687243282367
K13P74X,0.1567949911870627,33.26285179920283,2413965.0953208418,43.01869144196071,127.1231119897128,7.841769625685447
K13R98D,0.2317336119563403,30.27726873057128,2425573.796526612,145.0051470777098,104.2656308198293,19.56584066270086
K13RA9C,0.2783272695625308,28.43470504260413,2453074.6457274063,32.81679056171112,319.2193861286798,43.52716281500746
K13RC4K,0.1836314325179423,32.17510616503341,2441989.2485232726,92.5093235853228,207.8725748451078,7.055845315708821
K13RC4X,0.2439063029395841,29.84669950576944,2450100.453174142,20.44480582671112,232.0938025251689,29.48321645719923
K13RF6F,0.2616606039970771,28.99161228264745,2425054.001177737,249.3099989113866,306.9086628483828,6.596961173351673
K13RF6G,0.1773708752150576,32.25157430280598,2415047.7486537565,205.4837002477799,331.1563779248251,5.383795711323371
K13RF6H,0.0542504346989416,37.09837431153785,2444202.0937183807,185.8880327672966,116.6254728824727,9.027366719239266
K13RF6Q,0.1277105856236089,34.3198237188425,2415407.824708128,189.3103680427265,0.1159030438440129,12.36529691431697
K13RF7B,0.2259828573537797,30.50135531048662,2443354.61320826,76.99362720184027,212.7866110111613,8.709364337451694
K13RF7C,0.2478513636167833,29.38576173152693,2459367.0559669915,139.4852927820604,250.1612720629079,12.82933502323909
K13SA2O,0.2179167838288999,30.69238000940873,2459934.398824279,145.3140470886186,258.3081095437887,9.860376552490775
K13SA2P,0.1559744920142777,33.11679667840635,2416737.961561084,146.8097271619505,74.72812313011501,11.61356660373121
K13SB2U,0.2074536244363922,31.02079706039493,2431946.4457080904,235.269675624017,1.301042721110239,2.395840423487647
K13SB3F,0.0287294860872588,38.07797355726525,2491605.674670474,46.9011140445228,56.95613740564272,37.67983818106431
K13TH1Y,0.242393467855475,29.73448181803041,2444542.941318472,58.73533729030145,246.8611584467029,25.0001937726569
K13TH2A,0.1820537428877976,32.14131440070034,2464437.0994262546,173.6776868881815,238.1949262251634,14.57604953884726
K13TI7L,0.2003922369728366,31.34624649565558,2457218.515512524,25.06801768192184,348.7333380148559,18.87094498587325
K13TI7O,0.1886540581650764,31.80682741608655,2462378.3648006893,82.38155525272633,334.4869687362967,9.162030295323246
K13TI7U,0.1580505998306113,32.97915446189534,2455088.7135214983,84.39005541593055,291.1526412201122,14.88385159935932
K13TI8B,0.1590591738116506,33.15685634073049,2459208.868232757,91.61484485877357,311.4849308031211,14.93222059775341
K13TI8E,0.2280334494184966,30.34072760717691,2459524.254891419,109.7015051642856,293.0904326711396,9.370120523967902
K13TM7R,0.16572294058057,32.96082485829888,2436543.1989811147,182.4933882794636,108.2668221578068,21.51514121218948
K13TM7V,0.1828717037928616,32.1143429562921,2468681.1359299086,109.136801815828,327.4723043479469,6.918874603517279
K13TM8E,0.1753849502685703,32.29360837343898,2499584.156879147,97.6456771149297,82.31956403179876,9.874483989203965
K13TM9E,0.2008461386204256,31.36160750188311,2452452.079091461,129.4602519203268,214.4861981154528,3.966075761295466
K13TM9Q,0.1616352771219891,32.9286118157869,2441106.2083599614,30.64188224183562,255.8401852166463,5.588794857721665
K13U16X,0.2373487098922173,29.87261524018653,2427607.0952255456,37.27281501394026,199.0926726466881,4.419527259558553
K13U17A,0.1491414249572097,33.56284678279281,2449036.914221501,30.27359575390112,304.1477023072038,1.980429558685977
K13U17F,0.2499234587453089,29.57764827034011,2451564.845180744,190.8720698343531,150.56253334554,17.13351771737856
K13U17J,0.1854895485013349,32.19122339675417,2460266.647930414,36.7237900263823,359.9715009022547,6.822164535382004
K13U17V,0.1790364001085791,32.33034365416876,2435027.3530488187,64.86605047131471,205.5500426087079,2.084980339854937
K13U17X,0.136786416641037,34.10575578865194,2415250.4795321943,29.86933477654421,178.5477373354441,3.026463566095987
K13U18W,0.2043652828126004,31.33095258820071,2472738.3141736304,178.4853492749507,282.8734629677883,6.782047221376557
K13U31F,0.1955198331352653,31.65811371661473,2451688.6227295585,178.1049728622822,176.859737535618,32.10922066094134
K13V24F,0.3287614302377785,26.53576944052292,2456204.8524821666,113.7322685631797,304.3987070319723,19.83001427447388
K13V46N,0.2382299016047343,29.92101979007154,2452372.5342535293,112.9934013292958,241.9299315888838,7.746136772217186
K13V46Q,0.2373804712289838,29.89765317869261,2439415.025584978,70.36255623836223,217.9070777949912,9.467809893512957
K13V46R,0.1482355465201643,33.51557875015317,2441616.0384045746,87.44546421342511,224.9409880497485,13.80028939774238
K13V71Q,0.070146271041444,36.67098829431575,2432503.4272124087,121.455600645882,165.7556438119574,9.317565436616766
K13V71R,0.2032138365520294,31.36294697293424,2449571.655729035,75.15246990705143,273.8054116605912,16.19415345814984
K13V71S,0.214167881354665,31.11766978487659,2455459.223919709,111.9140011610031,278.7411765580003,13.62041366433824
K13V71T,0.2873631008784326,28.12413188151519,2465915.054076246,128.7886799812763,330.8871085374995,11.18967690547106
K13V71Y,0.1509609311919876,33.31966716689288,2460276.443518684,63.71372233283813,327.3480974544094,10.61863380748925
K13V72C,0.2512891641629726,29.44899139258017,2463883.78179208,103.5015629840495,333.1765268067631,13.33103026826828
K13V72F,0.0996064013641458,35.36043797678361,2423183.232278389,188.6088879766922,61.63224646106533,26.67605353077522
K13WC3J,0.2235893649025774,30.52873203222588,2452693.3994476832,85.06457514064044,276.1612092412308,9.196320300527615
K14F62B,0.1871709351717979,32.23458143994876,2454672.1798596755,187.7922765116088,350.6389103173775,6.038507441433181
K14G54J,0.2736254425098985,28.69735279060434,2462921.933973936,233.0525010284992,36.88855103350662,17.26484805407039
K14G54K,0.3280805498069136,26.60468887865326,2459599.573786184,234.1475721172953,12.34974826832222,24.00743625808693
K14HK0D,0.066163535534348,36.75601771398122,2441735.9883108125,67.84227054262483,84.69266073877455,14.85400252743422
K14J80O,0.2915792035355394,27.776270658330315,2448550.2549620103,196.35394835121448,346.5654444132991,15.695643234640483
K14J80T,0.2161949284570487,30.98500925179413,2464242.023020142,146.0109390985499,150.5987639783756,14.50202186548598
K14J92Q,0.3409058364857535,26.07976203677165,2455678.1278625727,160.2942075383266,73.91703273780251,24.15554722979387
K14KA1X,0.2389145694331709,30.11526209583673,2452631.957710116,129.4023795211079,85.93356140213797,4.004248847027319
K14KA2C,0.2641397013868332,28.88071255893942,2464004.4786129803,162.7636757067035,137.0681650698303,12.58120785632553
K14KA2D,0.2208928417194315,30.67760989389113,2457160.0487028817,197.5271060272797,57.73512446593593,7.279956669554279
K14M70F,0.2445214999450047,29.88696794686382,2469302.2085425616,125.8999513275542,183.5557496599923,4.759899684669396
K14M70H,0.1745414835102153,32.39538149832941,2422950.573052104,97.6891194964498,89.07770668196466,3.286765240458161
K14N86T,0.1370700735400885,34.29103340364914,2456979.4193959176,6.637491542564502,278.3363133155152,8.22019555790608
K14Od3V,0.110006605499351,34.87655581703949,2421148.551073401,65.43770269360992,104.3139715091699,3.550026062462908
K14Qi1M,0.2804814097919475,28.51119669010743,2458712.0320864874,96.11235482647297,313.1936039443106,18.25659187419596
K14Qp0T,0.2250544431098794,30.63918421662469,2449702.5328536527,1.136229441185373,250.4581128651587,28.75834307265859
K14Qp0Z,0.2372031704441465,29.9100539472906,2450462.925586206,71.73994804816473,262.8865203187547,23.7654533101919
K14R74N,0.2846407353585714,27.98607533667577,2462871.9851900246,115.27801625012,318.2057971122749,24.36490451460471
K14R86U,0.2205148276966241,30.6814784222934,2432244.307834495,138.1980198774513,126.7717721138368,30.23366883109741
K14R86W,0.1994248516011023,31.35697799454465,2453392.4280932997,127.1346117253096,243.4030606731537,23.29224296673378
K14SZ0F,0.2445108430150323,29.84456326941214,2417025.727003705,37.92980582720712,142.8295086951657,9.834141617695744
K14Sb3P,0.3204262932979615,26.74130235420659,2469634.937589925,158.7949896428702,312.2373441190567,24.44680438652908
K14Se4B,0.1024577065935813,35.26202973930966,2445373.6872982737,135.1930984736487,199.4385268378048,21.85350096546169
K14Se4C,0.2420977209668832,29.75538000337996,2463638.673641016,158.1792501549516,277.1785687396267,26.72089998407569
K14Se4J,0.2290639714595797,30.04419600704018,2461206.795666892,102.2596936820894,310.2207913603515,23.54591787089577
K14TB5H,0.1548511334537859,33.17195967634638,2460101.028685319,172.5008769543422,222.8768295271332,8.088661019181377
K14TB5K,0.2273572541231797,30.27558470027452,2451171.148110542,178.8447441990475,161.1295624898005,12.00726409728951
K14TB5Z,0.2501744309241045,31.07723404350975,2481779.194837086,36.42638070909159,96.61399457708087,25.62177821850217
K14UM8F,0.2218345641680666,30.81681395369685,2460352.891790037,8.334796755838246,41.31000985147593,12.61511151112136
K14UM8M,0.2918256613291444,27.87487582025997,2457108.394708676,271.4966033805407,118.160428820426,4.884697187355571
K14UM8O,0.1218741088890969,34.74866955017262,2447083.936187723,7.939304762596425,331.5105890763133,6.841894407618533
K14UM8U,0.2987912070860398,27.83700729470976,2460224.950271934,252.5217721917318,161.3929387129537,4.240479960280994
K14UM8V,0.2307962816915248,30.52244586007754,2451367.2808584347,4.754768226417021,349.4460087922118,10.13328254716669
K14UM8Z,0.2151501102319701,31.10441795473247,2463918.784855518,309.0427689598067,122.9618192739199,2.650330298101577
K14UM9B,0.2612962299383443,29.19581921596171,2435648.146239185,353.5126374169582,282.6060176907689,4.100204122087271
K14UM9F,0.0924128560203714,34.64931585668273,2495807.3743076697,217.9802786267408,336.7432636463151,19.45246547253891
K14UM9O,0.1603440445849306,33.13197618022254,2450811.788353148,3.353022930290965,349.3396166723062,10.09971142114908
K14UM9T,0.1296686717769645,34.29193908777311,2451671.038136522,208.6522192232661,147.4752261807521,43.49149334946523
K14UM9U,0.2184782539452315,30.87743801447907,2461749.8511483967,232.0854934311037,182.5051639166777,6.856960508123773
K14UO1F,0.1625477733414128,34.65960771833725,2411087.5746401087,191.6018574465174,17.75616809948631,26.82878523991659
K14UR6W,0.2855241886612688,27.97977814389675,2450365.3049010905,128.1078104446435,209.8451044318022,13.36249921963381
K14UR7H,0.2892849398820974,27.88724945931246,2421961.054773497,147.376761371332,81.72378642204957,7.805659226454035
K14Wo9C,0.2553313339496913,29.42224015566976,2450392.6210641763,304.3073729021254,108.1212865894804,9.265322568658036
K14Wp0B,0.2333421312481992,30.35629691925909,2452391.3323829435,82.43472622422136,319.7095556146049,12.61703073900564
K14Wp0E,0.3142055360304519,27.06437801682727,2456661.858003446,99.09354641474312,320.6785597625105,27.11742478544626
K14Wp0O,0.1869120261740767,32.14140849612903,2462333.778336766,69.69022031488484,27.7545225814196,6.72122943947945
K14Wp0R,0.2712015730473729,28.90671147954181,2454994.79140372,212.2361594108573,220.3654390736675,11.08379976204058
K14Wr6C,0.193657653080459,31.63343364795125,2447675.108350904,88.50256856304604,259.1255988034607,22.4340911126665
K14Wr6D,0.2452264463455958,29.6041238756465,2460001.381913379,68.19636326585098,329.4415792995278,16.62933400818907
K14Wy1X,0.143233119507029,33.8012370844565,2419345.1174261584,123.0212082835237,97.05994596211788,10.48432974040113
K14X54T,0.202228757050123,31.26302366809402,2419717.6073366413,61.92287345704869,133.1301479410356,37.81777228093101
K14Y72R,0.1476231522275838,33.4205357242044,2421036.7828208725,88.69732655191902,125.1448702971115,26.79380021515875
K15Bp9A,0.2211241363204353,30.88880453368658,2455740.940479933,152.7212689803559,43.79756633245662,2.81187560976976
K15FY5R,0.1370596526156707,34.20866051128986,2439872.061643845,98.34290604925984,16.01787201825762,13.58040362842882
K15G54F,0.2760648044795126,28.64315864868491,2437310.7440182087,201.037952077773,251.2632310446876,10.68457161579133
K15G54G,0.2668406200669231,29.1793039141964,2446923.120320504,64.94230921364884,72.98796926343807,0.8895404297781293
K15G54J,0.1972859980371073,31.61522229936752,2424542.0133547634,25.14723140600495,34.35718173822544,19.09917695734581
K15G54K,0.3153847939300312,27.19486629136038,2464920.1660564924,204.7662828502216,57.02156012329207,30.48596269496336
K15G54L,0.2386541588057719,30.24389277996893,2469734.81705829,118.4104349022933,159.5869938276857,1.247209749463156
K15G54M,0.2357787655137919,30.40524545124801,2439326.468684387,206.2421797452757,261.8028706178691,9.121603914479948
K15G54N,0.1671796208166466,33.11392108977036,2475166.8750126315,178.1824682525775,117.4204139084837,1.224514215428552
K15G54O,0.2719548087257614,28.69592881683035,2474424.4871921013,32.26662512691323,273.9053353407494,10.18638732222436
K15G54P,0.2981936905088294,27.84346870551888,2446006.311962559,33.29141883422236,98.39438074099375,10.89115926370096
K15G54Q,0.1742373171871423,32.68472364250371,2425276.43447304,191.6521910837203,229.1562566844439,10.69466250101079
K15G54R,0.2278511444067007,30.52941548441341,2464749.5548006166,36.52816868144581,211.5543843472657,9.97172060742488
K15G54S,0.2438065168749012,30.19265529107129,2454077.3443786628,138.4923698252072,42.49326774529244,3.573207371082093
K15G54T,0.1856932603586947,32.1361906274558,2468745.029264675,43.46503174338186,223.1038473831196,6.304092198251703
K15G54U,0.0971498173833841,35.75158910597919,2426931.938889641,46.78072413182933,28.78118578805657,5.57414071119683
K15G54V,0.2347970409454992,30.4250070338914,2472012.715601031,114.7773811210786,173.8482750185755,3.100882639123568
K15G54W,0.1886852249881425,32.16398405815259,2464886.240589497,103.9767092054757,146.0618659532504,3.394043504008806
K15G54X,0.1656154281289102,33.06139888130294,2458053.425487389,36.19991769313084,174.3138576953845,13.491154575071
K15G54Y,0.1242155618275969,34.64163776806393,2452022.01196034,70.34471499260175,109.5139828185274,3.570760959400558
K15G55R,0.0967458335489184,35.02778192547717,2431442.432541016,199.2372206516666,249.3927781533048,23.50396766158135
K15G65R,0.288515605192388,28.09500221058197,2472145.608080074,134.7307933105938,162.8005602172926,2.011332738686528
K15KH3C,0.13773535878292,34.09069708255845,2445034.273439296,74.51250175368412,95.4173752871492,17.07289301240538
K15KH3D,0.2508059171182683,29.65507834688826,2465349.1651368183,153.8690129564741,133.3864776262973,7.037106225522469
K15KH3E,0.2512234561692868,29.5065324142329,2482013.487801398,109.8193670631083,250.4061244351287,8.123842077218148
K15KH3F,0.2601513793218306,29.24138691354256,2457459.4607178974,80.59502607671268,156.0591085164781,15.33841019857539
K15KH3G,0.2830309482580506,28.38773621516266,2461860.63646575,171.5132838698114,99.0288339433678,7.141848663660173
K15KH3H,0.2905646620077634,28.16608999422214,2452549.4856988937,193.6514761029439,9.83545279254568,9.69794834953203
K15KH3J,0.1119107594981572,35.07210209062452,2439751.0460061827,101.2578451241141,49.75535973330678,11.10591665643724
K15KH3K,0.2598792355931843,29.19069337496359,2451321.215101525,101.1429818766454,94.253506447729,10.46488616025974
K15KH3L,0.3309686131902117,26.56022029494214,2450368.458838884,106.0798998895243,77.69643207691938,10.38391860434663
K15KH3M,0.2305867398557496,30.4920075078362,2441163.060512457,191.6309284485334,313.3827063406951,8.252863044565974
K15KH3N,0.1963794945217208,31.9232329126526,2458182.910080384,94.05116742217568,146.7442975775478,7.98554727491145
K15KH3O,0.1977780627119247,31.79567166470744,2455167.6017782013,79.39590626650056,143.4532412657107,13.04775295630519
K15KH3P,0.2261878751868943,30.53432280969136,2450913.776064371,103.4690936918376,94.24821367409764,7.33622557746215
K15KH3Q,0.2566728579995089,29.30034814886061,2467092.5778462505,63.71374201785006,235.4106667354816,38.55351900787458
K15KH3R,0.1153752283472065,34.89178184979708,2437753.5313845845,123.7402207710392,18.64921184903019,6.949065325375532
K15KH3S,0.1863028090245663,32.13439054018306,2451415.734540574,221.9631313418079,339.8038074411418,31.12397096935857
K15KH3T,0.2463156795886543,29.92713651601062,2465809.878048456,119.4928239692914,168.6565837894123,6.690813321868581
K15KH3U,0.2141689586788128,31.08050888256468,2462907.899339932,80.8748420338775,188.5203908096218,14.03132563223737
K15KH3V,0.177872233482018,32.62007388388314,2452241.8818729534,170.0829580065278,38.01377656321332,6.730761799430615
K15KH3W,0.2025246257110773,31.58036167105665,2448575.4714959203,73.64564672388765,111.7096571754999,19.54047182421674
K15KH8G,0.2804544288613269,28.43922010019897,2449297.090696664,69.44796598052496,112.4078823478108,27.49468953155889
K15KJ9M,0.1879709078774946,32.17408866580082,2440674.941970804,103.7850709526391,44.39153889392014,6.579474535374606
K15RR7R,0.2446108972424631,29.64856878962106,2423295.377453001,8.325561017037515,205.5074762739918,8.026563684069409
K15RR7S,0.1839217334418999,32.03593692709973,2441296.5757101844,203.7154679133168,79.92449560983714,3.929301804034767
K15RR7T,0.1761114507904432,32.47433513431939,2434259.18508934,192.9889754129655,65.00387251932413,5.471086657261222
K15RR7U,0.2463108868453993,29.5176127346434,2459526.380760114,193.8031071379864,189.089578150949,16.30095592897127
K15RR7V,0.1665503309330012,32.64931276658303,2430188.613963991,342.5844325918762,263.6762277969315,5.785088496925889
K15Ta1C,0.1145786352521829,34.65975211183627,2423098.0832942384,131.0070494737599,102.1163097199583,5.721487441651647
K15Ta1P,0.1323733014784672,34.08459453168896,2428345.154745458,150.2605216691966,97.93910446526604,9.666093078986012
K15Te8Q,0.2733914115796641,28.86450538284021,2452722.8194599804,2.83068491622624,359.3409513386986,14.22506492159211
K15VG4J,0.2047150116583717,31.23072187749865,2425150.4128324715,57.28617927969577,207.0945437698201,6.367454027111104
K15VG4K,0.2462954839846686,29.50186946247151,2462361.2352651404,186.0984342536721,256.1456804425287,1.969440758042575
K15VG4L,0.2352103207205102,29.98108697117006,2454472.521208026,220.453536765957,169.2826244074745,11.61833552706405
K15VG4M,0.2500446074628869,29.34010517528327,2454253.4789202274,54.14849753082627,332.7149778049771,18.30968069567363
K15VG4N,0.2436807423547134,29.8009311905011,2476517.628263273,62.01458559807795,90.62511371895248,9.441181467366397
K15VG4O,0.2999636080570497,27.61008689199016,2458225.9053205824,58.14969128282871,356.6689360169812,14.17612565823272
K15VG4P,0.2501981118368181,29.31500605502617,2447556.665565977,223.6508526496366,126.5692633950112,5.304972975604279
K15VG4R,0.2044951674237967,31.16452409057898,2458160.031257541,100.1617959326279,318.0049157352728,1.654422735624529
K15VG4S,0.1546654622088169,33.22967046795984,2467410.183783285,228.7613218847391,238.2099951125847,20.7521468871606
K15VG4U,0.1374557423038303,34.01540310446917,2437412.40967438,231.8102726041713,85.320476512301,37.56227218204415
K15VG4V,0.0886193565060293,35.93687475440771,2463252.227669709,48.70717287145172,31.87665118607952,1.767812283980629
K15VG4W,0.1565896784449337,33.16706029691674,2448629.1224863874,197.6498756839155,166.9976828724708,1.383781254033713
K15VG4X,0.3285747548994749,26.31083983943403,2457567.2790788184,230.1895892627416,183.4632674024832,16.89226487128301
K15VG4Y,0.1827222568493795,32.10089382701003,2455480.3324990063,166.4285558003662,234.2654349267011,1.285809800166369
K15VG4Z,0.2203389464699595,30.70616550484658,2471062.747224215,208.6135352890533,282.3813805792456,1.756992068142383
K15VG5A,0.2794156947070069,28.45100822203668,2446925.4839310423,225.0324239801452,117.948020438851,14.19098639409171
K15VG5B,0.20155115492856,31.56199202642915,2450387.140015463,119.2441689417227,250.5813960879071,2.64617407877254
K15VG5C,0.0965768236388123,35.44693175974496,2452414.477369047,232.2682287018162,154.5520165132965,13.37978275487382
K15VG5D,0.2254124920382306,30.56198576062394,2476985.596848135,50.60509112840802,104.2845980317432,12.0322216759156
K15VG5E,0.2105363364423457,31.14278940410563,2449100.2819568,61.72416513719672,300.5058366313247,0.6275904403314401
K15VG5F,0.347410561948229,25.64464681951402,2473099.40115492,228.2424547918403,285.8404190842983,23.52565086018879
K15VG5G,0.216107088007403,30.74419343100875,2460653.246359274,218.8688657788485,212.3410131429259,10.25573309273157
K15VG5H,0.1527025118622963,33.36118796985365,2459825.956967981,56.14391675948179,7.609639261818903,13.69099207991496
K15VG5J,0.1061997862758608,34.95863490020692,2452767.659754714,72.11841395135316,315.5814864744172,6.07929793538239
K15VG5K,0.2512061116044758,29.54036272853104,2455060.5147563834,174.9013997711668,219.607002743127,3.127451213634461
K15VG5L,0.1580030737673798,33.18145322453191,2459273.040326907,223.7111121438903,197.7677621908763,22.71013590218929
K15VG5M,0.2062118016014186,31.252897097932,2463753.641811671,76.29986680517136,12.51920943658189,7.217756710134918
K15VG5N,0.2269015561579533,30.24985291934851,2457927.5715401494,97.8939588224046,316.310566192273,3.949321315001316
K15VG5O,0.211232662725036,31.10382871441574,2467566.2744794814,58.43223454968481,50.99253452631122,10.02706171497009
K15VG5P,0.3368585841862485,26.11529866885509,2469147.742285934,225.3793844591928,268.6099732999747,15.14430767073503
K15VG5Q,0.2814972409325198,28.18770026133844,2475133.075060903,224.435348352826,289.4306836136418,19.13674280925839
K15VG5R,0.0438859474629769,37.7020674364977,2447540.938875593,61.03872803379804,306.1676661124498,12.73998283382504
K15VG5S,0.183233342306352,32.1442316233489,2436845.9380968115,120.4107580711551,186.1607072341241,3.070744563039266
K15VG5T,0.2758660985636793,28.40745954808925,2453240.939315168,214.6656761740518,165.4647453565431,13.57956966875422
K15VG5U,0.1592624039319863,32.91779259197962,2464760.8948097257,80.42930144169155,9.78580051476346,5.13810314085456
K15VI4Z,0.2693798168580338,28.52335884611346,2458813.5682345214,353.3844769950022,55.15314785761257,13.98924750214313
K15VK2O,0.24559513736565,29.53512974303094,2433731.314202623,123.2740303996795,166.9119308624254,3.313530431170611
K16S55Y,0.1805185708711331,32.10811456295489,2470012.300339937,116.8800710073521,336.0449418524491,17.2755574552286
K16S57F,0.2102961237999133,30.87889869094282,2440449.010246952,93.4699021213763,202.9138770175091,16.9114816973063
K16T94S,0.1793845325587468,32.16378239660897,2447721.6348714293,157.1943839067588,184.2597987820261,36.71487962257363
K17O69F,0.2072042333514773,31.42169358399848,2486182.934542531,218.5294160696618,215.3478567556117,13.65395252339435
K17Y03K,0.2827410732271881,28.41052617540655,2452908.5857418464,31.16393610456413,48.33486631320859,2.205722596559188
K18M13F,0.2449140665145447,31.12934503373218,2486229.247096281,100.9396729152931,314.243328678386,3.144250056733289
K20Q83H,0.2533734021726073,29.55259443191682,2471519.7165219407,321.2724639902637,66.55432858348432,22.44798376952344
